Date,portfolio,benchmark
2019-10-04,0.004604308274883451,0.008985178712532571
2019-10-07,-0.0033569606953071096,-0.0036151678793490127
2019-10-08,-0.0027814756823939524,-0.009167417337933803
2019-10-09,0.0009410199658121954,0.005105514356327223
2019-10-10,-0.0019281996394948653,0.0028654794445761578
2019-10-11,-0.00017377253780392898,0.004840105488792323
2019-10-14,0.0012897767177968422,9.72024206462585e-05
2019-10-15,-0.0001304939354732637,0.004835932228199891
2019-10-16,0.0006771046700615457,-0.0005356044663764603
2019-10-17,0.0010722194975010257,0.0016432969471491532
2019-10-18,-0.0007810789055064937,-0.002319136623286644
2019-10-21,-0.00020878205929819593,0.003312156948830358
2019-10-22,0.0008846820650241227,-0.001451982211905678
2019-10-23,0.0010223859453699635,0.0019823802802103607
2019-10-24,0.0007718113968187001,0.0010423687315215258
2019-10-25,4.6321015927830445e-05,0.001893822840164372
2019-10-28,-0.0006071669046876504,0.0027200718915674216
2019-10-29,-0.00026824584259044215,-0.00030392169247395184
2019-10-30,0.003516559152555887,0.0034038201585722128
2019-10-31,0.002887319187931281,-0.00013464391092510297
2019-11-01,0.0020103369568125196,0.005469059050151159
2019-11-04,-0.0015727400657048474,0.0013435959336696168
2019-11-05,-0.003719278324208264,-0.0021127460770926643
2019-11-06,0.0019226706544885896,0.0011537492904289959
2019-11-07,-0.0038226509778002127,0.00021071268578798374
2019-11-08,-0.00048608597839805423,0.001138589896046982
2019-11-11,-0.0003803491762405242,-0.0009695982094827249
2019-11-12,0.0011974867848325577,0.0014501088983738253
2019-11-13,0.0013861718924497168,0.0009480017661491758
2019-11-14,0.002886530085141281,0.0019233979391768408
2019-11-15,0.0014022552807779753,0.0044664443287645295
2019-11-18,0.0009466005551379553,0.0009340844694685213
2019-11-19,0.0011902587130641074,0.00010619075305151604
2019-11-20,0.0009402031586609461,-0.0011375991066872038
2019-11-21,-0.0019387531712869999,-0.0015869542253639235
2019-11-22,0.0008670323878496866,0.0015914711239151114
2019-11-25,0.0030992306789427992,0.0050550178727057915
2019-11-26,0.0017795740763466572,0.0018800528673639239
2019-11-27,0.00023726699191128908,0.002333441468084674
2019-11-29,-0.0012786106440895173,-0.002377754020513767
2019-12-02,-0.004524015382533664,-0.006040075877010609
2019-12-03,0.0033208462734715116,-0.002294939150223052
2019-12-04,-0.00020377064125653988,0.003165428220844646
2019-12-05,-0.00019747373277878566,0.0007345166395600344
2019-12-06,0.0007521855743000128,0.005000343374975902
2019-12-09,-0.00038484366847946205,-0.0017983114471998851
2019-12-10,-0.0004264346932255636,-0.0008519712273555857
2019-12-11,0.0029504317560096194,0.002882378557565346
2019-12-12,-0.001154474824399454,0.0036423257861715186
2019-12-13,0.003062142857744643,0.001945589263498304
2019-12-16,-0.00021141134255042715,0.0033618418480898526
2019-12-17,0.00021514736697980652,0.00017244970167973328
2019-12-18,-0.0010560730187966216,-0.0004499280117544746
2019-12-19,0.0016332291068448246,0.0028637338832033787
2019-12-20,0.0011586690965643687,0.0032706313854911073
2019-12-23,4.418005737627517e-05,0.0003772762483271741
2019-12-24,0.00162374738234905,0.0003565791936717133
2019-12-26,0.0018742701428153818,0.00356206800592207
2019-12-27,0.0006497574087822588,0.0005332162751128244
2019-12-30,-0.0012085350500624648,-0.0035790272299618398
2019-12-31,-0.0006438711315748247,0.0012112760832567737
2020-01-02,0.0038207438339488142,0.006041445237302767
2020-01-03,0.001871894709986277,-0.0032648044850988045
2020-01-06,0.0003952120403263315,0.0019020795785207323
2020-01-07,-0.0014505101408599508,-0.002039609938629061
2020-01-08,-0.00018129806756883582,0.0026566010686461805
2020-01-09,0.002019715162048241,0.004784678763698036
2020-01-10,0.000986315860998399,-0.0011870803421323295
2020-01-13,0.0006672139250052389,0.003937829911420776
2020-01-14,0.0008354823319636218,-0.000309267041935124
2020-01-15,0.002342962288000461,0.001973527775104511
2020-01-16,0.001811166095009531,0.005043978760479906
2020-01-17,-9.994173277183549e-06,0.002096894272596961
2020-01-21,0.0013089762111311298,-0.0003919269602462583
2020-01-22,0.000700134444364009,0.0004710166553281159
2020-01-23,0.0018138316546778555,0.0012754156495831115
2020-01-24,-0.0007904630806551127,-0.005192383724350713
2020-01-27,-0.0008785443951259131,-0.00876848142331732
2020-01-28,0.000867633202713991,0.0061012277513894375
2020-01-29,0.0018542057263191136,0.00042588224169226585
2020-01-30,0.0009810883549359328,0.0020490338166561095
2020-01-31,-0.002251106635222544,-0.010282375849452352
2020-02-03,0.0011478200563699303,0.00418225968092778
2020-02-04,0.0004599799617699407,0.008470597610899855
2020-02-05,0.0015967188425871637,0.006493322861038209
2020-02-06,0.0015859474555872666,0.0024945544208094805
2020-02-07,0.0008117048352012102,-0.002085618841456638
2020-02-10,0.0028697024833215234,0.0050833051628069725
2020-02-11,-0.00061103607085089,0.0005447124314670315
2020-02-12,0.0006642167199917282,0.003630927620535518
2020-02-13,0.0008024512257556182,-0.00026905965926316
2020-02-14,0.001306442335582858,0.0014505639500901335
2020-02-18,0.0010785635622923007,-0.0011768510785777897
2020-02-19,0.001452799624243717,0.0030030381895929104
2020-02-20,0.0012693004795283347,-0.0015857722200705027
2020-02-21,-3.2398579640213754e-05,-0.005650902472052022
2020-02-24,-0.005403279538530259,-0.01987808745868802
2020-02-25,-0.007241373959033015,-0.01833470350040045
2020-02-26,-0.002101378689251643,-0.0029344689731528595
2020-02-27,-0.009500822711699608,-0.026686743978047933
2020-02-28,0.002027453815953706,-0.0009904455548103153
2020-03-02,0.008603847735430659,0.026433852642089306
2020-03-03,0.0005089311445711786,-0.01443886542007533
2020-03-04,0.008458693460550393,0.02479894810207517
2020-03-05,-0.0034850787775866365,-0.018968091067702142
2020-03-06,0.0031256768668728174,-0.007346533019983004
2020-03-09,-0.017731368366179612,-0.04683158881733396
2020-03-10,-0.002643100334332016,0.023902432717949118
2020-03-11,-0.023765708166400445,-0.037082282010051926
2020-03-12,-0.04186438229520373,-0.0791244561288259
2020-03-13,0.028019576594159323,0.07156742283137496
2020-03-16,-0.018186968841047868,-0.0643015934180351
2020-03-17,-0.005631599437665891,0.026851044676767577
2020-03-18,-0.032177868853801916,-0.041614736164814925
2020-03-19,-0.0034674297524907027,0.00021840692164598607
2020-03-20,0.0017443343539120804,-0.017245195536588098
2020-03-23,0.01688643044152438,-0.0069149988164540765
2020-03-24,0.019313853308690065,0.05168401743938156
2020-03-25,0.010471914810676441,0.013097164677704498
2020-03-26,0.014675868232893796,0.03560938744431019
2020-03-27,-0.003258459222950205,-0.01527579028891235
2020-03-30,0.007404406025520283,0.018667380062474592
2020-03-31,-0.005974207247540053,-0.012462061762203103
2020-04-01,-0.008675247721179336,-0.023425978255467328
2020-04-02,0.008093985533714765,0.015093927157839415
2020-04-03,-0.00365845787127983,-0.008498006441264416
2020-04-06,0.01745789127683328,0.039325283946625156
2020-04-07,-0.00043941763838173387,0.0007019173276086033
2020-04-08,0.008531371885811101,0.020536850448006794
2020-04-09,0.013071751289232436,0.013223710576971026
2020-04-13,-0.002661578037261858,-0.006979863822500376
2020-04-14,0.005822715759560948,0.01770402301968521
2020-04-15,-0.00028534977209049295,-0.010746834036583053
2020-04-16,0.001275631184795012,0.0031735283382530177
2020-04-17,0.0039220211863635335,0.01548312705502397
2020-04-20,-0.0035146149754156086,-0.01126514272073098
2020-04-21,-0.005154451524273851,-0.017342603902131493
2020-04-22,0.003901392895359068,0.012348964714447908
2020-04-23,0.002431096164393187,0.0005551135838077759
2020-04-24,0.003021632499769611,0.008298082522967265
2020-04-27,6.256209041799465e-05,0.006994237648453305
2020-04-28,0.0019065859081541792,-0.0015043782811238193
2020-04-29,0.007186672501039659,0.01543541760178413
2020-04-30,-0.005513931160159635,-0.005504716765206696
2020-05-01,-0.006040168607901464,-0.016303293269131824
2020-05-04,0.0005263576645710977,0.002274793348615578
2020-05-05,0.0011466471669188127,0.005016054121163016
2020-05-06,-0.005777971022455031,-0.005797673276940585
2020-05-07,0.006762768646473072,0.00827961029718205
2020-05-08,0.001409190816585193,0.00868676563840598
2020-05-11,-0.003181115655144562,-0.0011704977526559857
2020-05-12,-0.0019401155890118593,-0.010674448927598168
2020-05-13,-0.0024913215404474,-0.009982461838836776
2020-05-14,0.005168359027578395,0.008198993810947464
2020-05-15,0.0017744546497584501,0.0028827104290585215
2020-05-18,0.004986065063397271,0.017225982279291285
2020-05-19,-0.0007395712426048195,-0.005118166081782616
2020-05-20,0.006085220679910908,0.010750061538882472
2020-05-21,-0.001224272140904814,-0.0038705992740249995
2020-05-22,0.0012521832519392095,0.0014778166313060837
2020-05-26,0.001769964163606863,0.007417291535085413
2020-05-27,0.004776198796933473,0.008907105222162981
2020-05-28,-0.0011457173474843652,-0.0010498775326932552
2020-05-29,0.0031624247545134487,0.0038356614424974733
2020-06-01,0.0007063751366616078,0.0023009677490870573
2020-06-02,0.0020691973811548525,0.005272392256105762
2020-06-03,0.00039569994612587145,0.0070802203451969525
2020-06-04,-0.001608986235353993,-0.0024867145047242634
2020-06-05,0.004866304247685971,0.015505122563886031
2020-06-08,0.005004599250713948,0.007844511526128306
2020-06-09,-0.00014349970777738363,-0.004116068143996232
2020-06-10,0.0017381289269764455,-0.0022067157690005557
2020-06-11,-0.014821178592052453,-0.03600621609505106
2020-06-12,0.003099570164844856,0.007627484292640929
2020-06-15,0.004979945166083244,0.006300859839256212
2020-06-16,0.003318985943107311,0.011299349113997659
2020-06-17,-0.0012214651272798305,-0.0026998367102522014
2020-06-18,0.001081369461554571,0.0009983652262322007
2020-06-19,-0.0009533769682620319,-0.003443231768173738
2020-06-22,0.0013565795453611695,0.0038797217637194237
2020-06-23,0.0008892473975223858,0.0025718183632439384
2020-06-24,-0.005592524229545703,-0.015508543013718179
2020-06-25,0.0029205563550858127,0.006773638265599402
2020-06-26,-0.0037715198744897593,-0.013439432176903687
2020-06-29,0.004411595662181522,0.009001208805679894
2020-06-30,0.003321704897673472,0.00842600267539817
2020-07-01,0.0008749349955521346,0.004234699359966676
2020-07-02,0.002023160549609937,0.003683086328230889
2020-07-06,0.003925943774829577,0.009279662209435546
2020-07-07,-0.0005743370851107876,-0.005712062996897527
2020-07-08,0.0010261563196054535,0.004289281137823675
2020-07-09,0.000977041536938339,-0.0020463281753301255
2020-07-10,0.0014862268174216098,0.005656634518748982
2020-07-13,-0.0017155583810997133,-0.005345057645318341
2020-07-14,0.004526030527240543,0.008623745923592718
2020-07-15,0.002614436019449551,0.005463712112516506
2020-07-16,-0.00021076535306974176,-0.001520956246995664
2020-07-17,0.001291203990871681,0.002012664067814196
2020-07-20,0.0024728723365714522,0.005490578019255121
2020-07-21,0.0022643731657774335,0.0014946537149962413
2020-07-22,0.003134927645246588,0.0040181670651253665
2020-07-23,-0.0003273230066791477,-0.007013204457506972
2020-07-24,-0.0015556924414883433,-0.00404975443354505
2020-07-27,0.0020132452035261927,0.004194065918181167
2020-07-28,-1.9200577629163718e-05,-0.003623609439899589
2020-07-29,0.004591006865775293,0.008004923643498474
2020-07-30,-0.00046205381325670203,-0.0020235322665759226
2020-07-31,0.0024770933155866537,0.005647100684273321
2020-08-03,0.0014062270316790304,0.003736195588791791
2020-08-04,0.004241414525706144,0.0034078901413334695
2020-08-05,0.001180585523164135,0.0033277447572472862
2020-08-06,0.0033689636696727643,0.004751999639216242
2020-08-07,-0.001773924765106183,-0.00010270491584352115
2020-08-10,-6.237175296852637e-05,0.001551375642069086
2020-08-11,-0.007526091185794059,-0.006330565375201158
2020-08-12,0.0010371235453525696,0.007508547506582364
2020-08-13,-0.0018533907907503089,-0.0022962099531015356
2020-08-14,-0.0014640768697149475,-0.0004250799502312219
2020-08-17,0.0029568186138035912,0.002484963809737728
2020-08-18,0.0021248894505720983,0.0018166067848994771
2020-08-19,-0.004045583541026909,-0.003286030993958189
2020-08-20,0.0025334445827176477,0.002611862190694536
2020-08-21,0.0011939885555631857,0.0030357641785907497
2020-08-24,0.0019895520555810453,0.005929186727854585
2020-08-25,-0.0009102434439770546,0.0014771515315032957
2020-08-26,0.002233765559414902,0.006213854919227435
2020-08-27,-0.003322170256819801,-6.87123914786536e-05
2020-08-28,0.0032870945117946526,0.004403393458186189
2020-08-31,0.0006964797968338488,-0.0011449356810243616
2020-09-01,0.00473567050954915,0.006922068996320974
2020-09-02,0.004839955556174225,0.010021043754915748
2020-09-03,-0.008929528425956845,-0.022005542200150274
2020-09-04,-0.006093975680192654,-0.007207398144196797
2020-09-08,-0.005966333688847136,-0.01671124360471976
2020-09-09,0.004869800205752783,0.011999099091803078
2020-09-10,-0.0037976598617490698,-0.01086341800979651
2020-09-11,0.0004973752194226133,0.0008517938418726168
2020-09-14,0.004084504101073971,0.008081340945528925
2020-09-15,0.0010564970007145291,0.003426887234528664
2020-09-16,-0.0007957242429136313,-0.002607572034234673
2020-09-17,-0.0021938922066149225,-0.005460394343995256
2020-09-18,-0.003335242778514491,-0.007673216878448352
2020-09-21,-0.00408114582095942,-0.006518505304275446
2020-09-22,0.0020496367727091958,0.006374808194194781
2020-09-23,-0.0081597430214021,-0.015223670756713603
2020-09-24,0.0009252558594394777,0.0017378151710556455
2020-09-25,0.0034790256246157725,0.009814816235553359
2020-09-28,0.005463256415578321,0.01072088133603244
2020-09-29,-0.0006492319465519758,-0.0032974839244563903
2020-09-30,-0.0001218509837669357,0.004185037330813435
2020-10-01,0.0031916628991304208,0.0043384480016988025
2020-10-02,-0.0023649726643092395,-0.006069567345987403
2020-10-05,-0.00024845007473706104,0.008986896693750968
2020-10-06,-0.0038527529374248193,-0.007913001964169775
2020-10-07,0.001147875705021617,0.009774229782834265
2020-10-08,0.004403187133447561,0.006034432010032065
2020-10-09,0.005182870249332394,0.0054949367374657054
2020-10-12,0.00296606485267481,0.010410753589245925
2020-10-13,-0.0028917129092440597,-0.0036116788800494293
2020-10-14,-0.0001494593227592267,-0.0035989704441776738
2020-10-15,0.0001924212872179698,-0.0009461717403110859
2020-10-16,-0.001381890076214476,-0.0008258038990140992
2020-10-19,-0.003581552073969929,-0.009563465456624787
2020-10-20,-0.00035245623908297663,0.0017203227972479862
2020-10-21,0.0006737931134883635,-0.0015445223616435966
2020-10-22,-0.0036187768377803353,0.0026652224833050298
2020-10-23,0.001684539587831324,0.002568250319431531
2020-10-26,-0.0010956786307247945,-0.010645025699933752
2020-10-27,0.0015530381908595015,-0.0010524144276086167
2020-10-28,-0.00934214998419125,-0.021312635302423666
2020-10-29,-0.0015770663593394074,0.005393654227106026
2020-10-30,-0.003640172995739821,-0.0074151297394401405
2020-11-02,0.005858349238133664,0.007496495324954111
2020-11-03,0.002903669265686304,0.010463348905742853
2020-11-04,0.008379348090480798,0.016293252820688497
2020-11-05,0.008369001420522881,0.012275001830727161
2020-11-06,-0.0027789548690547727,-0.0009584794779321504
2020-11-09,-0.011327335242421577,0.0058069570680350235
2020-11-10,-0.0005252468441757641,-0.0015396948703003677
2020-11-11,0.0013691490263647577,0.00459585384208161
2020-11-12,0.0032594133598948805,-0.004435960234140501
2020-11-13,0.003404915857177837,0.008473084333705305
2020-11-16,0.001566970899427922,0.0077011428923954295
2020-11-17,0.00011421881053474969,-0.0024405977136333634
2020-11-18,-0.002805306014800668,-0.0070660529959302165
2020-11-19,0.0018049688086376747,0.0033601618451628568
2020-11-20,0.0014188890163380208,-0.003771668315581622
2020-11-23,-0.004015311108919728,0.0033221581360796115
2020-11-24,-0.0017864310711082076,0.009575442338742413
2020-11-25,-0.0005461160643805973,-0.0011931759684162824
2020-11-27,0.0006208529230304904,0.0025857192633471637
2020-11-30,-0.0017745027227782373,-0.0022626436995706323
2020-12-01,0.002523984431670012,0.005643005317370164
2020-12-02,0.0005798914154884205,0.0006665253227808865
2020-12-03,0.0036446649756445293,0.0005462063430625719
2020-12-04,-0.0021263059316044552,0.004361475241489776
2020-12-07,0.004571045486680525,-0.0006438677643375579
2020-12-08,0.0023184124502326764,0.0019294296608796113
2020-12-09,-0.005468484949426422,-0.006180448015834283
2020-12-10,0.0014636854326668391,0.0004783386140136958
2020-12-11,0.0009760930473463603,-0.00019173723691745526
2020-12-14,-0.0024747115713966705,-0.002970745782464479
2020-12-15,0.0050274580897060606,0.008741637979709393
2020-12-16,0.0007586837221698062,0.000569345517444253
2020-12-17,0.0026523094582469042,0.0034779064178078745
2020-12-18,-0.0016777677413437608,-0.002631091873142588
2020-12-21,-0.000311406468312736,-0.001881173592804597
2020-12-22,-0.0007301982392962092,-0.0006308680583377857
2020-12-23,4.664794858566523e-05,7.302096406824887e-05
2020-12-24,0.002356490271983258,0.0031334115831238574
2020-12-28,0.0012187233312621615,0.005294824840246459
2020-12-29,-0.00020840402594046736,-0.0011890827575675722
2020-12-30,0.002226055483599998,0.0010976972969700682
2020-12-31,0.0027820721115692226,0.0038760504573056576
2021-01-04,0.002167647996524691,-0.008998699802468701
2021-01-05,-1.7418437352700877e-05,0.0034582734574202245
2021-01-06,-0.006391763843523246,0.002129324544999589
2021-01-07,0.0004949820337927235,0.008612889326326867
2021-01-08,-0.007044056677369848,0.0032151436692069435
2021-01-11,-0.0025964590318966474,-0.0045157884308901775
2021-01-12,0.0012654894260291094,-2.9886915394738978e-05
2021-01-13,0.0022519599249657407,0.002550108582093369
2021-01-14,-0.0023327561594082002,-0.0025995913067512477
2021-01-15,-0.002637776896493138,-0.004205416918300675
2021-01-19,0.004179277895198785,0.00548477561648375
2021-01-20,0.0061160119497079,0.008532172035567998
2021-01-21,-0.0006945570695209291,9.126693838035216e-05
2021-01-22,-0.0020788318140118056,-0.0020972191776624793
2021-01-25,0.003453249223596133,0.003413822588475224
2021-01-26,-0.0012119642667500763,-0.0009933373572668103
2021-01-27,-0.005172533197033813,-0.015379919849955126
2021-01-28,0.0007116925841306188,0.004976553057980837
2021-01-29,-0.005038765299490433,-0.012915011848472657
2021-02-01,0.004833119802112318,0.010407201230424823
2021-02-02,-0.0007991562823823628,0.00858124904006008
2021-02-03,-0.0017433839081349989,8.270320017711441e-07
2021-02-04,-0.002507372332152702,0.007177910892552708
2021-02-05,0.0011843884034701269,0.0020437226572282974
2021-02-08,0.004333351958264009,0.005120811962306515
2021-02-09,0.0005153268472473105,-0.0006820980188665393
2021-02-10,0.0021508528013951533,0.00033187993156769124
2021-02-11,-0.002653349439997177,0.0006590133782935492
2021-02-12,-0.0021346413245700857,0.0023016309627810205
2021-02-16,-0.0066948109466195005,-0.0022991061400048363
2021-02-17,-0.0009688773197790157,0.0008883159751784664
2021-02-18,-0.002404028254178514,-0.0029440828721675194
2021-02-19,-0.002760696321488676,-0.002422925267680065
2021-02-22,-4.8032717052448604e-05,-0.0060385693459920065
2021-02-23,-0.0006117650050472268,0.0007252673647166752
2021-02-24,0.0007756340323699096,0.006868648280759837
2021-02-25,-0.014275771740643317,-0.018534136327280182
2021-02-26,0.0024718830991687923,-0.0003731134972703165
2021-03-01,0.0018535037079778771,0.015041055583520535
2021-03-02,0.0001759003082475452,-0.005004594694797748
2021-03-03,-0.006966095682598761,-0.009579530505335443
2021-03-04,-0.006579719100023973,-0.00899973079505445
2021-03-05,0.0041155581416938425,0.011435138886932927
2021-03-08,-0.0054266161941916025,-0.004789078150071457
2021-03-09,0.010096084972309294,0.010139685739158022
2021-03-10,0.00351483051448942,0.004643208624501405
2021-03-11,0.0010904909708282506,0.006830374494685376
2021-03-12,-0.004738815655381146,-0.0012137757662324944
2021-03-15,0.003258503081846831,0.004167153650763922
2021-03-16,-0.000141725268711701,-0.0007705762432950181
2021-03-17,0.00047651193951714355,0.0019933743891940026
2021-03-18,-0.007149145272117963,-0.01098995142983994
2021-03-19,0.0018924652901215477,-0.0008557173621303038
2021-03-22,0.0037888612262162447,0.006112030587211992
2021-03-23,-0.00085935081229771,-0.003960191334759111
2021-03-24,0.001043713264501367,-0.0030253901447404585
2021-03-25,-0.0008717180253010604,0.0033645441773619833
2021-03-26,0.0032047558833128154,0.009886594830186723
2021-03-29,-0.004347523163181322,-0.000847853111978436
2021-03-30,-0.0031108111741332545,-0.001285229964361978
2021-03-31,0.0030693738524794068,0.002404970481988178
2021-04-01,0.007389955509848001,0.008006177323219621
2021-04-05,0.001356376988048913,0.008848399308440946
2021-04-06,0.003241794513394236,0.0008571950251963223
2021-04-07,-0.0014111141699189034,0.00041453435229810154
2021-04-08,0.004811647267141117,0.003959028315641877
2021-04-09,-0.0008376708689282752,0.004258179880790136
2021-04-12,-0.0011389860979375,0.00021443938949849972
2021-04-13,0.0037352262543777215,0.0026764352428170213
2021-04-14,-0.0018669046530968014,-0.002353073784027715
2021-04-15,0.009012397765769897,0.008496897322589847
2021-04-16,0.000387536593086546,0.00138271636192977
2021-04-19,-0.002349578112254447,-0.0034460714348499843
2021-04-20,0.00016015482073261644,-0.004262593312966523
2021-04-21,0.004350375025231612,0.0065240076266550595
2021-04-22,-0.0020596339026488497,-0.005874948364378518
2021-04-23,0.0009502860331598306,0.007027874155984826
2021-04-26,0.0010562874393591493,0.0011854456375910427
2021-04-27,-0.0021699206647611824,-0.0010857073688779195
2021-04-28,0.0013827592261876909,-0.0001486730179439677
2021-04-29,-3.511230817465627e-05,0.004116383320809103
2021-04-30,-0.0016100469297254394,-0.0038830005699479475
2021-05-03,0.0035512491741587215,0.0015778014351568448
2021-05-04,-0.001338769228068748,-0.0035713382629547485
2021-05-05,0.0022264050170941463,0.00032109782431288814
2021-05-06,0.004783264834504308,0.005510191302059431
2021-05-07,0.0029019444567239816,0.004744147445174596
2021-05-10,-0.0027106689868445777,-0.007264901505807386
2021-05-11,-0.0032500344833009676,-0.006460446443985024
2021-05-12,-0.008669980149013101,-0.015243524585452084
2021-05-13,0.003721550129023976,0.008461568004360043
2021-05-14,0.006749017176715499,0.010876014952033719
2021-05-17,0.0018988282602891982,-0.0019031231478291444
2021-05-18,-0.0022122751713459232,-0.006047338061396568
2021-05-19,-0.0021028005005561123,-0.002097388800235689
2021-05-20,0.004514201467229029,0.008135423588396362
2021-05-21,0.0010091217235619343,-0.00041955493917489317
2021-05-24,0.003388262778656115,0.007038794757499023
2021-05-25,0.0035283785896746966,-0.0005072723162609094
2021-05-26,-0.0006394534118382422,0.0010787571012584873
2021-05-27,-0.0006942256439007588,-0.00018857651858816826
2021-05-28,0.000901355008623872,0.0012435061678615078
2021-06-01,-5.156512190374052e-05,-0.0005369499475115225
2021-06-02,0.0016507089325077384,0.0014715169496795077
2021-06-03,-0.006221417808647711,-0.0031484198924405238
2021-06-04,0.0072806422355036204,0.007338642357205716
2021-06-07,-0.00028295793731336616,-0.0007994652300494787
2021-06-08,0.0006852015476290774,0.0007386243901954526
2021-06-09,0.0008349860858736236,-0.00036125954905963376
2021-06-10,0.003909767773568884,0.0037604006425160375
2021-06-11,-0.0025243929585758718,0.001073051847775286
2021-06-14,-0.002037293001933782,0.0007880824477997095
2021-06-15,-0.0009008034181352542,-0.0013871175014298354
2021-06-16,-0.006512488895175861,-0.004575109965957003
2021-06-17,-0.0029394169382269686,0.000915769629736829
2021-06-18,-0.0004950104371838071,-0.007681318439374141
2021-06-21,0.002009940819095446,0.00798047984721939
2021-06-22,0.0018633350929393444,0.003977661481334938
2021-06-23,-0.0007659697065925952,-0.0009482207080777627
2021-06-24,0.0009225481834209681,0.003936958920917499
2021-06-25,-0.00014610296013006785,0.0018156506136548511
2021-06-28,0.0024578906305705583,0.002287540410111699
2021-06-29,-0.0013543814851747493,0.0004489339163820105
2021-06-30,0.002267211802345681,0.0008427125007455238
2021-07-01,0.0019253868473698699,0.0037076137839304746
2021-07-02,0.004741167893761222,0.0056390066854621335
2021-07-06,0.0030519928385628337,-4.4222371041402475e-05
2021-07-07,0.002964434835270202,0.002987559332882306
2021-07-08,-0.0013049799420924435,-0.004980163789747971
2021-07-09,0.00044372976635620454,0.005935651118551988
2021-07-12,0.0007541437265161655,0.0022940159777264935
2021-07-13,-0.001827486020764657,-0.0033008550860745833
2021-07-14,0.004825193878646106,0.0020416194923673636
2021-07-15,0.0017783649237750332,-0.0013281613373405943
2021-07-16,-0.003628140141430758,-0.005481659041271625
2021-07-19,0.0008758373320933988,-0.008002952706756106
2021-07-20,0.0011719390372535443,0.008950043521021023
2021-07-21,-0.001644022744186735,0.004470733799326165
2021-07-22,0.0029020525800389496,0.0021511875343536158
2021-07-23,0.0012787995480241232,0.006250722202768788
2021-07-26,0.0004949439429162705,0.001506080409432231
2021-07-27,0.0013621261287546371,-0.0021182846254974574
2021-07-28,0.0013740235974917248,-5.502157937709029e-05
2021-07-29,0.0016098568534037572,0.0022936456114264203
2021-07-30,-0.0012086358822058774,-0.002760332892396744
2021-08-02,0.0009055295856452705,-0.0005587700255548222
2021-08-03,0.0018431232290359034,0.0054462898550484695
2021-08-04,-0.0009435747995500954,-0.0031876118675423504
2021-08-05,-0.0011744342164506927,0.0033832512136859894
2021-08-06,-0.007311454925077898,-0.00042468253164751335
2021-08-09,-0.004552650085064336,-0.0012557491992863934
2021-08-10,-0.0002648683867285673,0.0003390400805869387
2021-08-11,0.003128403463567464,0.0018426356109824127
2021-08-12,0.00022211657820925268,0.0019926429566343717
2021-08-13,0.006175304593017961,0.0026296049243188513
2021-08-16,0.002094272312504808,0.0019073425269602318
2021-08-17,-0.0021893089109340513,-0.004763785454428127
2021-08-18,-0.001735655003061054,-0.0072721504978265905
2021-08-19,0.0010819838565514495,0.0016743222479573827
2021-08-20,0.0012969067875674423,0.005197704244507939
2021-08-23,0.004382529253619261,0.005996223824433322
2021-08-24,-0.0009946577811000834,0.00041161145900869833
2021-08-25,-0.0023504945221881623,0.0007051159989719391
2021-08-26,-0.0004927863136831023,-0.0038859338378207653
2021-08-27,0.007036113948554634,0.006905199355608405
2021-08-30,0.0007466260012256587,0.0034636810856012445
2021-08-31,-0.0015390790949316724,-0.001564583764446903
2021-09-01,0.0004634195496298066,0.0007698586413327213
2021-09-02,0.001019121677322543,0.0024624270042812313
2021-09-03,9.804340715668936e-05,-0.0009389511065038825
2021-09-07,-0.006278205238096302,-0.003435940908658619
2021-09-08,0.0010565347656050772,-0.00011683255986139063
2021-09-09,0.0029266327152712712,-0.0018401669795550246
2021-09-10,-0.004367802254354181,-0.005984089398532677
2021-09-13,0.002096799576962516,0.002067519251153893
2021-09-14,0.002167191705877869,-0.002673287125451229
2021-09-15,2.940527465788989e-05,0.005272978722440813
2021-09-16,-0.005419153701934243,-0.0017655014476390951
2021-09-17,-0.00396801605794761,-0.006990452735725294
2021-09-20,0.0002719463890559215,-0.009995674050286563
2021-09-21,0.0004154489594241362,-0.0007246314128412923
2021-09-22,0.0021571853972766064,0.006756118442016401
2021-09-23,-0.00415523974785581,0.006269071630620848
2021-09-24,-0.001901960567164962,0.0004235186164651683
2021-09-27,-0.0008393831837276711,-0.002282913456256419
2021-09-28,-0.009326196425553324,-0.014814961104647084
2021-09-29,7.316646243915592e-05,0.0010886744977127716
2021-09-30,0.0005014254180604194,-0.00852631828848427
2021-10-01,0.005024887295119962,0.0090899267555542
2021-10-04,-0.0021504852470312086,-0.008428211453864298
2021-10-05,-0.0007676309685654692,0.004847906709248173
2021-10-06,0.0020684126616623555,0.0028668057447818196
2021-10-07,-0.0021978341463212425,0.0040822843831980204
2021-10-08,-0.0019175585495805336,-0.002113745313860549
2021-10-11,-0.002997101839332661,-0.005018574267985798
2021-10-12,0.004622826176585271,0.00023071841476163257
2021-10-13,0.007355832309654753,0.0030090806238276535
2021-10-14,0.005471337880748717,0.01084387390214303
2021-10-15,-0.003551835851131724,0.003771745796748105
2021-10-18,-0.00010014344171604961,0.0016318613711883145
2021-10-19,-0.0012791395558520158,0.0036589556136723544
2021-10-20,0.0015285819962935765,0.0019290389205304237
2021-10-21,4.3474014819411266e-05,0.0009625692266077568
2021-10-22,0.003623912017020725,0.00019636244717902152
2021-10-25,0.0030896487466796074,0.0033690333287950125
2021-10-26,0.001117005467540455,0.0013566950340988537
2021-10-27,0.004430644015903651,-0.0012746999564997585
2021-10-28,-0.0009171116595452222,0.005504056134053359
2021-10-29,-0.0010505135191087867,0.0011868454243941784
2021-11-01,-0.0008650892613741856,0.001003755171027576
2021-11-02,0.002508240026262598,0.0031121489152035053
2021-11-03,-0.0026879406753116397,0.003053500623711125
2021-11-04,0.006939168977253551,0.004641871278897591
2021-11-05,0.007696965971663916,0.0032628987316689617
2021-11-08,0.0007271734875469171,-9.270447272169413e-05
2021-11-09,0.0040587295533367485,-0.001110598137263774
2021-11-10,-0.004792300247460024,-0.00755709405074978
2021-11-11,0.00010209873384559032,-0.00042227227135649414
2021-11-12,0.0014117573000917982,0.004649431656540859
2021-11-15,-0.0034306058016146945,-0.0012679484244578765
2021-11-16,-0.001595326505762551,0.0021069320106748
2021-11-17,0.00363719566920917,-0.000702282134483978
2021-11-18,0.0010497315685391584,0.0025988380764276897
2021-11-19,-4.2492689069528744e-05,-0.0003694005445036286
2021-11-22,-0.010146464945283928,-0.003508285775930764
2021-11-23,-0.005423234319201442,-0.0007037899799482439
2021-11-24,0.004006726288354079,0.0024269468584730003
2021-11-26,0.0017890759982823745,-0.010901133951375375
2021-11-29,0.0004751259429220944,0.007405904241197359
2021-11-30,-0.002103881849184086,-0.011148822712845341
2021-12-01,-0.0010688639504831121,-0.006820016170953069
2021-12-02,0.0027643539036832365,0.009377535944993687
2021-12-03,0.003288482461261788,-0.003954126117055257
2021-12-06,-0.002013115416089617,0.006273033914578008
2021-12-07,0.0039165864869998845,0.011799646437003819
2021-12-08,-0.0031884265194694894,0.0005897074104146416
2021-12-09,-0.002251609220328965,-0.0040608133560858795
2021-12-10,0.002706393758783676,0.006054185754220676
2021-12-13,0.001743364672235126,-0.004239149961900779
2021-12-14,-0.004668741773875551,-0.004842685258985124
2021-12-15,0.002723151698420301,0.009177843603827673
2021-12-16,0.0012303929918091594,-0.005137672567412266
2021-12-17,-0.0001643471557096765,-0.005767143277802589
2021-12-20,-0.004852983987007398,-0.007304089353065257
2021-12-21,0.003165030134999691,0.010510335208595345
2021-12-22,0.0055561172783689106,0.006660315978834763
2021-12-23,-0.00035312492950256846,0.0032566031457099687
2021-12-27,0.004823817098063454,0.009068971747721699
2021-12-28,-0.0017156875951926942,-0.0005150831420573931
2021-12-29,-0.002422080974260221,-0.0004750679280715042
2021-12-30,0.003917855942229043,-0.0009361740393140083
2021-12-31,0.00035389629864068795,-0.001804928233447911
2022-01-03,-0.00859022428937517,0.0013247671064462452
2022-01-04,-0.00010365633684050746,-0.0003018747421276169
2022-01-05,-0.008161017872671206,-0.013322197212422782
2022-01-06,-0.003546426016135862,-0.0012440443892127728
2022-01-07,-0.0020409470730148316,-0.003194719665927215
2022-01-10,0.0006582948033442282,-0.0011305604323061935
2022-01-11,0.006997870741390688,0.006237035864400831
2022-01-12,-0.0006741784657766647,0.001736913231122461
2022-01-13,-0.0014468480388896143,-0.008019528287885436
2022-01-14,-0.005426797704945141,-0.0018781213975617161
2022-01-18,-0.008977496024498044,-0.01329506739289854
2022-01-19,0.0021624508147271015,-0.005622696891736112
2022-01-20,-0.001401064556588505,-0.006397905929896641
2022-01-21,-0.000665387774861359,-0.010672892580925297
2022-01-24,0.0007900350397014311,0.00193986951322489
2022-01-25,-0.0030028826415440246,-0.007942553748707892
2022-01-26,-0.00810351649846941,-0.003534131337744162
2022-01-27,0.0006313120342806844,-0.0018189783963630246
2022-01-28,0.005226315511213109,0.015378422572561279
2022-01-31,0.004860650766239871,0.010942801706533167
2022-02-01,3.514324598130614e-05,0.00388176744397728
2022-02-02,0.003569277614109412,0.00645917697679077
2022-02-03,-0.008792841189124934,-0.0160434010758983
2022-02-04,-0.003954145632748096,0.0005358150025107644
2022-02-07,0.0011422405089709375,-0.001718203641184357
2022-02-08,-5.741300969308583e-06,0.0037567477266446936
2022-02-09,0.005047556014221133,0.009390911414815184
2022-02-10,-0.011065831238512458,-0.014410218454033896
2022-02-11,0.005810666437207512,-0.009951578184725585
2022-02-14,-0.00361817246722973,-0.004168576748584729
2022-02-15,-0.0020029632117606333,0.009101399010791544
2022-02-16,0.00399382546695537,0.001255957268919028
2022-02-17,0.00066714829107406,-0.012364165986648468
2022-02-18,0.0008241467488403487,-0.003274371962061595
2022-02-22,-0.0009334534981425557,-0.006951501584161801
2022-02-23,-0.006073806307642982,-0.012958173800671213
2022-02-24,0.003073645049276763,0.010213119182560515
2022-02-25,0.003928123720197796,0.01367992208307589
2022-02-28,0.00998093065172223,0.001287559333200905
2022-03-01,0.005796000488539121,-0.0071765389262268275
2022-03-02,-0.007746328140108338,0.006373132295109274
2022-03-03,0.0019454186195191348,-0.0013885293547988287
2022-03-04,0.006822536795638268,-0.003591053036627656
2022-03-07,-0.0044123143679644095,-0.01993876865844768
2022-03-08,0.0020767489658635174,-0.006408226192326505
2022-03-09,-0.005304594712645105,0.01503355171070786
2022-03-10,-0.004133317155418426,-0.004789871189310291
2022-03-11,-0.0026017224217418367,-0.008090299311055538
2022-03-14,-0.013033855955758789,-0.008048294862949001
2022-03-15,-0.0011804360237739342,0.014000009473507324
2022-03-16,0.006821224620212396,0.014306728335468755
2022-03-17,0.006076735251080656,0.007903375520266431
2022-03-18,0.002097658406005065,0.007955562579355258
2022-03-21,-0.006217876629985297,-0.0038226619330682388
2022-03-22,-0.002374956052576871,0.006322252907890347
2022-03-23,0.006362037724522596,-0.006412217676214249
2022-03-24,0.0018541755909975421,0.008816497279384272
2022-03-25,-0.0049677662416725,-8.48296180692154e-05
2022-03-28,-0.000826703791694916,0.005433519336118575
2022-03-29,0.0048427499244170225,0.00963247380428589
2022-03-30,0.0026384109990589266,-0.003119907834046809
2022-03-31,-0.0024091932295770002,-0.00944595791774494
2022-04-01,-0.0024442850804168303,0.0009376784154355722
2022-04-04,0.0020664979106173043,0.005622529181833702
2022-04-05,-0.011715479047411548,-0.011527873219042473
2022-04-06,-0.004851613952196465,-0.007522769913542504
2022-04-07,-0.0003054116903112858,0.0024177899001767145
2022-04-08,-0.001086519452294099,-0.0035148111233433976
2022-04-11,-0.006773343886780192,-0.01265679739226766
2022-04-12,0.001068747237892298,-0.001101512299582219
2022-04-13,0.0043227714676332685,0.007517639867478332
2022-04-14,-0.008454920800986976,-0.010179623684319905
2022-04-18,-0.000905179874907569,-0.0010957232133278483
2022-04-19,-0.003709068233366808,0.007734364680471062
2022-04-20,0.006989016614823651,0.001817811618731735
2022-04-21,-0.00620578669369698,-0.01134262744044845
2022-04-22,-0.009700212460399316,-0.017694981388133302
2022-04-25,-1.728425525204802e-05,0.005774621788356971
2022-04-26,-0.0034208416347952797,-0.01686984245093348
2022-04-27,-0.0047363385005627645,0.00040145946011338474
2022-04-28,0.007890196000252647,0.015338987893008138
2022-04-29,-0.01296712632454744,-0.02546946934626082
2022-05-02,-0.009094182819544883,0.0019166395647987056
2022-05-03,0.0037750030653296296,0.003587491101052498
2022-05-04,0.012584209166360383,0.021262395264132206
2022-05-05,-0.01695314572946305,-0.025697648309599086
2022-05-06,-0.004843766695652452,-0.005502218170259976
2022-05-09,-0.008790119593881096,-0.018250186582179473
2022-05-10,-0.00019306694390264223,0.0027021679377570162
2022-05-11,0.004291357598579237,-0.0084906051789565
2022-05-12,-0.004308163950950128,0.0003082649909551538
2022-05-13,0.0011953793676335867,0.012816532640413048
2022-05-16,0.0017622285496985413,-0.0015705130388277144
2022-05-17,-0.0013154155694573566,0.009895409375278108
2022-05-18,-0.0031005427704363653,-0.022772405570612442
2022-05-19,0.002217538345569814,-0.0032176854435430613
2022-05-20,0.0029615224562540288,0.0013507924098841162
2022-05-23,0.00099176068521456,0.01002354098255509
2022-05-24,0.005792329439458399,-0.001186947314777309
2022-05-25,0.0020905061549911785,0.0066388446760106135
2022-05-26,0.004366813222704158,0.011623410004525159
2022-05-27,0.006861929408171097,0.016418167473607248
2022-05-31,-0.009595342210094504,-0.005611391845980251
2022-06-01,-0.002571783579564002,-0.00687321465198798
2022-06-02,0.007988366813783454,0.012024976069794135
2022-06-03,-0.0051136421118894715,-0.01056614756035612
2022-06-06,-0.005741274732725898,-0.0005942838781981541
2022-06-07,0.00625610898147877,0.007349448058417751
2022-06-08,-0.005123295685041551,-0.008323910177644556
2022-06-09,-0.005990437187550102,-0.015021588703975408
2022-06-10,-0.007226978853148935,-0.021241134828747787
2022-06-13,-0.025622845864434196,-0.02974097467501835
2022-06-14,-0.008558548036699198,-0.003665272638550432
2022-06-15,0.01494145841826433,0.013180976601078864
2022-06-16,-0.0030933983990697467,-0.018941970615770742
2022-06-17,-0.001015842026833691,0.001769543052660083
2022-06-21,-0.0008253351067050163,0.012714524926110471
2022-06-22,0.00750094346870922,0.0020163130380925764
2022-06-23,0.003671980229456473,0.008228634093456755
2022-06-24,0.004458740810720396,0.017947519575520987
2022-06-27,-0.005525648451616072,-0.004165539509987881
2022-06-28,-0.004919340970899189,-0.012937569506927593
2022-06-29,0.002978569018239785,0.0025871878102539103
2022-06-30,-0.0009695552963706611,-0.0030506619063548346
2022-07-01,0.009279709978001316,0.009345165334038619
2022-07-05,-0.003492996452962749,0.0017484297996421816
2022-07-06,-0.008496114762614804,-0.0002608122964492532
2022-07-07,0.001161700497747331,0.007721675004932926
2022-07-08,-0.002380438358832504,-0.001666536926395401
2022-07-11,3.734216907003152e-05,-0.005389121535884667
2022-07-12,-0.001389879485717893,-0.004878327811048799
2022-07-13,0.0039295314734348885,-0.001522911596747889
2022-07-14,-0.006484083571897226,-0.0028558158327226524
2022-07-15,0.006861678184994613,0.01275822641694857
2022-07-18,-0.004376437058990157,-0.006194350107287305
2022-07-19,0.004831967597904052,0.015995866193403874
2022-07-20,-0.0006520593374238493,0.0035270620484995074
2022-07-21,0.0114594505044181,0.00938120439837764
2022-07-22,0.0046201694641048174,-0.0023662499974930196
2022-07-25,-0.0034561352230175757,-0.0008433178098082861
2022-07-26,-0.0022162388410990053,-0.007172687766363595
2022-07-27,0.008502893080564622,0.016907562698830425
2022-07-28,0.010646115800137634,0.010411279934198658
2022-07-29,0.005326551160384163,0.008644269766689305
2022-08-01,0.004195924240047111,-0.00017541252169894772
2022-08-02,-0.010866468947322572,-0.007878508631685821
2022-08-03,0.00876829203468632,0.01150594594607135
2022-08-04,0.00396471236826712,0.00046689163219393315
2022-08-05,-0.010490516559839569,-0.0056317199721465094
2022-08-08,0.005685694272961728,0.0011590197664714808
2022-08-09,-0.0020885596111638316,-0.003288857565917347
2022-08-10,0.004046754914510897,0.013954926331931405
2022-08-11,-0.006206229625496995,-0.0021397683607472517
2022-08-12,0.00987329839651685,0.012382098657516938
2022-08-15,-0.0017847995323377885,0.0030647697619441416
2022-08-16,4.033530664537821e-05,0.0006022040074407098
2022-08-17,-0.006693669263920676,-0.006484435966754409
2022-08-18,0.001914260138590862,0.002620243571543668
2022-08-19,-0.009183827533487343,-0.010998113707251012
2022-08-22,-0.008159746606304918,-0.014843582927587917
2022-08-23,0.00038808764281750285,-0.0016206620989144271
2022-08-24,-0.0003975027431106781,0.0009173601716865321
2022-08-25,0.0083700020907993,0.011121303542272143
2022-08-26,-0.01021650096021165,-0.022100740795359952
2022-08-29,-0.00496472519772273,-0.00580289647544896
2022-08-30,-0.003879842317212834,-0.006369026188842497
2022-08-31,-0.0080165295177409,-0.006420531210617253
2022-09-01,-0.006676925910747977,-0.00022652936665568113
2022-09-02,0.0023788806033993026,-0.005435844108898191
2022-09-06,-0.010100991149632699,-0.0055683934847193806
2022-09-07,0.011304187618885297,0.013759208587387217
2022-09-08,-0.003023540659709001,0.002813008958960417
2022-09-09,0.005048183054205735,0.009351305817542954
2022-09-12,0.0013240310456332782,0.006352341231611991
2022-09-13,-0.014148235790513608,-0.029050036540600788
2022-09-14,0.0012943465457806447,0.002765633073767537
2022-09-15,-0.008270081282312769,-0.008011044437677195
2022-09-16,-0.0028089330211136243,-0.00523514763673949
2022-09-19,0.0012253747752972721,0.00441603390459111
2022-09-20,-0.00694470925362467,-0.008807556964433805
2022-09-21,0.00043081697576785594,-0.009680145837273169
2022-09-22,-0.01076580377267633,-0.009166165516583558
2022-09-23,-0.007411803657388583,-0.011168023450864761
2022-09-26,-0.01429984196305989,-0.010913898013530154
2022-09-27,-0.007225483177571657,-0.0034333742900442
2022-09-28,0.02098567104351745,0.018019765362477846
2022-09-29,-0.009341388817535323,-0.014651075831244476
2022-09-30,-0.0064719015171271765,-0.010110654440104838
2022-10-03,0.018616715529239602,0.019180319023714976
2022-10-04,0.010838087144037223,0.019285998698994833
2022-10-05,-0.004084407097349141,-0.003149520048442489
2022-10-06,-0.003954042781600942,-0.007833345402306291
2022-10-07,-0.01116533664746222,-0.018905287664026105
2022-10-10,-0.005529693668050895,-0.006267629998345403
2022-10-11,-0.0007936526744634076,-0.003791457549386923
2022-10-12,0.0002838587497355771,-0.0013719660621168694
2022-10-13,0.006299558501335678,0.014007144361735557
2022-10-14,-0.010155192680001979,-0.015391432066126809
2022-10-17,0.00991563066243839,0.015936338498441005
2022-10-18,0.0038661061922096174,0.00796488881459334
2022-10-19,-0.007494799312994016,-0.00744598445739586
2022-10-20,-0.0044971514591685136,-0.007619006135612172
2022-10-21,0.011910117893935812,0.015126086363924651
2022-10-24,0.0033306054593851275,0.006816592103496166
2022-10-25,0.008307945280227491,0.013622454813395635
2022-10-26,0.00030830731579811754,-0.0030031504500290795
2022-10-27,0.0010358465905875303,-0.0011943270690590868
2022-10-28,0.0050795639897882605,0.013350755914838697
2022-10-31,-0.003636815977449026,-0.005368961463992905
2022-11-01,0.0019058578289699035,-0.002055324236708289
2022-11-02,-0.011804182642089156,-0.01616093986827949
2022-11-03,-0.005894640968655662,-0.00795641170847039
2022-11-04,0.011603578508092571,0.008927874240854727
2022-11-07,0.002459169957033769,0.004288005458185085
2022-11-08,0.006301818465887843,0.005054517696316596
2022-11-09,-0.008332744643397616,-0.011876363583433802
2022-11-10,0.029457918096003288,0.04124044505821689
2022-11-11,0.0038972899298204133,0.005849441018577872
2022-11-14,-0.004044194221175301,-0.006170074889319199
2022-11-15,0.005797920602546247,0.007777905817197173
2022-11-16,-0.00340341653345555,-0.002439708286578135
2022-11-17,-0.004231204104437891,-0.003383780069262987
2022-11-18,-0.0004930385931469772,0.002041580842595092
2022-11-21,-0.001256946727406727,-0.002149954044064706
2022-11-22,0.005649978051909033,0.010138475349871223
2022-11-23,0.004210590332545117,0.006197265478642411
2022-11-25,0.000526864853330089,-6.634101003455406e-05
2022-11-28,-0.008067036103470815,-0.010169664119970001
2022-11-29,0.00024087618172541347,-0.0025277467659186037
2022-11-30,0.015227246238327385,0.021783441649617652
2022-12-01,0.006379130020270907,0.003292324651861467
2022-12-02,0.0014530727167745283,0.0007031228093936637
2022-12-05,-0.013505429009750602,-0.013955619774945527
2022-12-06,-0.003461245716439798,-0.007519768730934184
2022-12-07,0.002298659290945304,0.002286502285323788
2022-12-08,0.002288593843676079,0.003619802455259835
2022-12-09,-0.004437148264900048,-0.006726872647104809
2022-12-12,0.0024630531369660424,0.008629175195299377
2022-12-13,0.006666769632528435,0.007172557292775661
2022-12-14,-0.0030695414578422175,-0.002713247035367683
2022-12-15,-0.011303868079498236,-0.014692326058177496
2022-12-16,-0.0030790980629499254,-0.008182120656412328
2022-12-19,-0.004269719598614552,-0.007553974559892707
2022-12-20,0.0036970880947395646,-0.0017307251184863759
2022-12-21,0.005936058461390559,0.009896351563818628
2022-12-22,-0.008006940671656526,-0.008519188465475724
2022-12-23,0.0019782869908628875,0.002095688653415584
2022-12-27,-0.0007111688681152861,-0.005472657003202208
2022-12-28,-0.006140221851252181,-0.007935439112016218
2022-12-29,0.00878379252169248,0.012131330856358646
2022-12-30,-0.000967186873455872,-0.003312246065920177
2023-01-03,0.0017229212694696017,-0.00021390662684306339
2023-01-04,0.005517114342361795,0.006591560110085437
2023-01-05,-0.005824917779187033,-0.007002083891334054
2023-01-06,0.013870870432125981,0.01803965445639477
2023-01-09,0.0011020432847492767,0.0006487534453283317
2023-01-10,0.0027466464663319368,0.0027045046497522485
2023-01-11,0.005256361572499202,0.009809767879092934
2023-01-12,0.007065735225791014,0.005321292247411735
2023-01-13,0.002416075039615384,0.00101641477952219
2023-01-17,-0.0027991320473421677,-0.0014591526953492417
2023-01-18,-0.003945380151516131,-0.006206225419788547
2023-01-19,0.001879883437060803,-0.005122105785833719
2023-01-20,0.0034435906799807903,0.009222686130028634
2023-01-23,0.003964989049530132,0.00638916856353422
2023-01-24,0.0014726486756462265,0.0011113182247550757
2023-01-25,0.002049954967360934,0.0006922679881460336
2023-01-26,0.001060252063802558,0.00572650591978574
2023-01-27,0.00034911793261249713,0.0013127704417066344
2023-01-30,-0.005769604728489086,-0.00872419526109447
2023-01-31,0.00733912332587594,0.01043206682633202
2023-02-01,0.009101242699964818,0.009185699655660295
2023-02-02,0.0011974908437357712,0.009010166109505224
2023-02-03,-0.009936354541299597,-0.00997366478686057
2023-02-06,-0.004391408123556206,-0.005952127993786305
2023-02-07,0.004261691256461031,0.007388626243437946
2023-02-08,-0.002615487304587827,-0.006078352239389018
2023-02-09,-0.0064246212757717025,-0.006830539848544981
2023-02-10,0.0001301555373653951,-0.00015040923474018975
2023-02-13,0.003649654590564655,0.008151235852887462
2023-02-14,-0.0011562579723334299,-0.0015406304405627402
2023-02-15,-0.00022272417864543925,0.001225151648180045
2023-02-16,-0.004503574857274373,-0.01006780125622897
2023-02-17,0.0009114237245264611,-0.0007436462908517738
2023-02-21,-0.01053889432624211,-0.015552333371717575
2023-02-22,-0.0006575864307981627,9.535404257232649e-05
2023-02-23,0.0024516630282522822,0.00447244605866981
2023-02-24,-0.006209370891794186,-0.008693155177531331
2023-02-27,0.002165587600064356,0.0027615416425659234
2023-02-28,0.0009540949884783156,-0.002198122252578094
2023-03-01,-0.0002155155150813659,-0.004539039716627835
2023-03-02,0.002025681533473822,0.003742326262022644
2023-03-03,0.009355736910248824,0.012692196680714751
2023-03-06,-0.004906931837679207,-0.00016648424506782167
2023-03-07,-0.00957103554116645,-0.009948533517077696
2023-03-08,-0.00033314040950516155,0.000627986003734371
2023-03-09,-0.004161278206529451,-0.009914393045201031
2023-03-10,0.0019973912828206153,-0.004007822015005713
2023-03-13,0.0033649502159325273,0.002167056431035652
2023-03-14,0.0033769444426501316,0.00742393422961074
2023-03-15,0.001469785423183989,0.0003513139950483968
2023-03-16,0.003399672911645224,0.008366855872612655
2023-03-17,0.0015187988699800758,-0.0037661464134843836
2023-03-20,0.0035237650816799526,0.0036973419099757265
2023-03-21,1.6377469234996056e-05,0.006826855931753473
2023-03-22,-5.0509097924700264e-05,-0.006602636017242092
2023-03-23,0.0031512093465457802,0.0023472485252418185
2023-03-24,-0.00039241992195460096,0.004818696425616942
2023-03-27,-0.0025267785599243364,-0.003125222808535555
2023-03-28,0.001907790778121754,-0.001762964547996404
2023-03-29,0.003052697618923128,0.009048638826500088
2023-03-30,0.0034600112170055652,0.0041675249236408085
2023-03-31,0.005329638171439166,0.010538725802449411
2023-04-03,0.0031974162739969447,0.004073698577124363
2023-04-04,0.0012774100560632995,-0.0018805868583496865
2023-04-05,-0.0008828939788747547,-0.00042754653925480834
2023-04-06,-0.000344981614473272,0.0022189581940785796
2023-04-10,-0.0015762726379371372,-0.001957086238926875
2023-04-11,0.0024947095090532834,0.00023859054099495403
2023-04-12,-0.0006049709441759976,-0.0020160801207959045
2023-04-13,0.006261473944963569,0.007699698349284523
2023-04-14,-0.006422656798313886,-0.0029838038288998447
2023-04-17,-0.000706509456899207,-5.52927994401653e-06
2023-04-18,0.000504740827141692,0.0009975577947811676
2023-04-19,-0.0009405624137512891,-0.0005558546955273247
2023-04-20,0.00039764216640159056,-0.001805790096298554
2023-04-21,-0.002458315808210876,-0.00032497914702722674
2023-04-24,0.002116160013686308,0.002333258045329911
2023-04-25,-0.003841625745840793,-0.007184707220441733
2023-04-26,-0.004188184735007705,-0.004078258919025579
2023-04-27,0.004963041957688263,0.010373291589469646
2023-04-28,0.003589758430934342,0.007399512731491864
2023-05-01,-0.0034582844399616564,-0.004381741565909314
2023-05-02,0.0017297555877031634,-0.0031440772271775774
2023-05-03,0.0016416788136586202,-0.0026340954005653616
2023-05-04,-0.0012652098359980934,-0.00497970653011659
2023-05-05,0.00239268918313007,0.009725817410630944
2023-05-08,-0.0012108231460840058,-0.0014957623422922062
2023-05-09,-0.00045180736180250314,-0.003076699843907016
2023-05-10,0.0021036659981577,0.005051569555438062
2023-05-11,-0.0021212467855084016,0.00040114949818481627
2023-05-12,-0.0021469418381616645,-0.0028677480782443032
2023-05-15,0.0020433126237762167,0.0011250393278743331
2023-05-16,-0.006289416271532899,-0.005008494964372723
2023-05-17,0.004390614580304986,0.006636433875162995
2023-05-18,-0.0005402860900395323,0.004457383520994007
2023-05-19,6.530488192946216e-05,-0.0020251574849401432
2023-05-22,0.0003978427386110983,0.00023421438827764263
2023-05-23,-0.001659648258120039,-0.006670931727251084
2023-05-24,-0.005613430110930739,-0.005677773506020389
2023-05-25,-0.0016171131889601842,0.0039414179090893064
2023-05-26,0.005153888874021018,0.00852230055745995
2023-05-30,0.0020724882223599472,0.0027015834268362404
2023-05-31,-0.0020916164525894843,-0.0021250860567534335
2023-06-01,0.005563810588244511,0.006960664645248471
2023-06-02,0.003545459526125727,0.006971942622765237
2023-06-05,-0.0014126324571831494,-0.0011558827741835476
2023-06-06,0.004457342413313636,0.0018054717065858483
2023-06-07,-0.0014280747041726105,-0.004164492055630409
2023-06-08,0.004681082840048978,0.00561310422920136
2023-06-09,-0.0020100071267311614,0.0002735480987106076
2023-06-12,0.002432630000365421,0.006527167555816948
2023-06-13,-0.0003194156488000033,0.0025040611981228533
2023-06-14,-0.0007777097943025835,0.0007934446817514651
2023-06-15,0.007145090353986916,0.010379869701659938
2023-06-16,-0.002201329742111735,-0.0031380730240574417
2023-06-20,-0.003068367146248807,-0.0024081670695623725
2023-06-21,-0.0016029328982030133,-0.0028433370967517746
2023-06-22,-0.0035275538542267615,0.0005053050959962224
2023-06-23,-0.00245496286444169,-0.003660453247555484
2023-06-26,0.00045449618340343,-0.0021334331426641207
2023-06-27,0.0029460563094543257,0.006229291390517089
2023-06-28,0.0004330990390950529,0.0014516303240079687
2023-06-29,0.0011335981153766106,-0.00038342473440655667
2023-06-30,0.005193465672283404,0.008758300511638284
2023-07-03,0.0008636196012679065,0.00017352616513188757
2023-07-05,-0.004124202637962537,-0.00293100397000734
2023-07-06,-0.005481767525921444,-0.007510571594809279
2023-07-07,0.0020700708930163625,-0.0016817614005479875
2023-07-10,0.0031154606802363816,0.0029784721811738635
2023-07-11,0.003448112135727932,0.004831514535069026
2023-07-12,0.008391070316337457,0.007891745557100815
2023-07-13,0.004141712112458507,0.007392602946979077
2023-07-14,-0.003165199770478355,-0.002206360192027801
2023-07-17,0.0023627751754471404,0.0026218367656196673
2023-07-18,0.0057612313674191284,0.005280081172403417
2023-07-19,0.002139562965638664,0.002221718356148372
2023-07-20,-0.0038117162783846137,-0.005853604325183781
2023-07-21,-0.0010569671379134782,0.00032607393560080133
2023-07-24,0.0009326491089221012,0.002104328498514496
2023-07-25,0.001309767333205647,0.0014868139702857164
2023-07-26,0.002450567271603754,0.0013449970230696717
2023-07-27,-0.00799634754494738,-0.007414026955636199
2023-07-28,0.005975356561100709,0.007483352534747301
2023-07-31,0.0022609892723863823,0.00188214222564409
2023-08-01,-0.004810411311023777,-0.004200825959080334
2023-08-02,-0.005666925354724017,-0.01004420944722817
2023-08-03,-0.0026921818985126134,-0.00402503164981538
2023-08-04,0.0019525250396243976,-0.0001554076099882229
2023-08-07,0.00232203579416157,0.005191800355375253
2023-08-08,-0.0028259987816642296,-0.0014586313465995149
2023-08-09,-0.0035228645234143263,-0.0041400625830917415
2023-08-10,-0.0017534877955073247,-0.0016499981356760118
2023-08-11,-0.0008279468239713594,-0.0017569366618548354
2023-08-14,-0.0003844019759223771,0.0031458740892331694
2023-08-15,-0.005344078144725817,-0.008147146048869014
2023-08-16,-0.004843759605600351,-0.0057379311619430995
2023-08-17,-0.0035932483703333684,-0.0055134701011995135
2023-08-18,0.0013288759253238247,0.0013600773354947027
2023-08-21,0.00048528365852518185,0.0024432645633210015
2023-08-22,2.481544542409786e-05,-0.0013217721177267716
2023-08-23,0.008193067719381997,0.010155723674885042
2023-08-24,-0.00512828182605829,-0.009334394771292942
2023-08-25,0.001453913671723095,0.004202972589409493
2023-08-28,0.0033148312502211397,0.004851122074473135
2023-08-29,0.008045466292744718,0.011292516499266547
2023-08-30,0.0018734334419430176,0.0025118364614660216
2023-08-31,-0.00020839734451216785,-0.0002153174593308993
2023-09-01,0.0006357484647208089,-0.00037465370636335926
2023-09-05,-0.006981355428951619,-0.004763902642499818
2023-09-06,-0.003360483014359761,-0.004830779870584112
2023-09-07,-0.0003254678390562926,-0.0006816915819323199
2023-09-08,0.00034337108403326155,0.0009763594843545942
2023-09-11,0.0015497132210493536,0.0036361103086279822
2023-09-12,-0.0021055058211192357,-0.0031811838412708626
2023-09-13,-0.0004970566707923618,0.001308117072153392
2023-09-14,0.0038703587321462507,0.004918193672764248
2023-09-15,-0.0031552694915788493,-0.008703576641430844
2023-09-18,0.0010897047049884812,0.0010606175494696224
2023-09-19,-0.0015798524822310256,-0.002045053326150348
2023-09-20,-0.0032817248765963924,-0.006436364512002912
2023-09-21,-0.008350214620187035,-0.012702268416406204
2023-09-22,0.0007241563273425733,-2.1726194702531565e-05
2023-09-25,-0.0014977612143538543,-7.481030916123288e-05
2023-09-26,-0.007194292108744227,-0.00969638593187605
2023-09-27,-0.0017386820610884035,-0.001169171704424432
2023-09-28,0.0028664780795968348,0.004643256550714847
2023-09-29,-0.0039291841077100376,-0.0016718857832664913
2023-10-02,-0.005410116716707769,-0.0025634796580698005
2023-10-03,-0.007320105392623288,-0.011498373688684338
2023-10-04,0.0031759979308951802,0.007067131629196366
2023-10-05,-0.0007820885002651767,-0.0002715021561102704
2023-10-06,0.0043070074510624945,0.005591420665354896
2023-10-09,0.00844179569181347,0.008056954504839897
2023-10-10,0.0032553776378050348,0.002712054764666627
2023-10-11,0.003550209602405374,0.004382153436523151
2023-10-12,-0.006949160632755524,-0.007037247661264789
2023-10-13,0.004046170151410289,-0.0013590897663412482
2023-10-16,0.0044429118735549444,0.004248218486655464
2023-10-17,0.0018122303616467939,-0.002548959902433978
2023-10-18,-0.004293813869922447,-0.009847804342125066
2023-10-19,-0.002392105323139715,-0.0068648165141491635
2023-10-20,-0.003999758940209541,-0.006078601100749315
2023-10-23,-0.002629254788831692,0.000463889043818666
2023-10-24,0.0028136731557812933,0.005828789978487237
2023-10-25,-0.005056933477467829,-0.011490958722662703
2023-10-26,-0.0007383882720048973,-0.004648654235890892
2023-10-27,-6.831355416814233e-05,-0.0026344790774500693
2023-10-30,0.0023398339437885607,0.006131863150102834
2023-10-31,0.0012308204417994517,0.003492317884979723
2023-11-01,0.004140134158990616,0.010485421912922899
2023-11-02,0.011048243942655356,0.013700768606811575
2023-11-03,0.00937347771694319,0.007917803922595557
2023-11-06,-0.0039457413078209935,-0.0005472292773218701
2023-11-07,-0.0012627436505392442,0.003699783864590911
2023-11-08,-0.003576160966436981,0.0017451650106550254
2023-11-09,-0.00478904374447886,-0.007494913628234956
2023-11-10,0.003185937884134793,0.010148765976564222
2023-11-13,0.000927898292384155,-0.0007266619816764797
2023-11-14,0.01859899509264573,0.01644926104692468
2023-11-15,-0.0005907221594830814,-0.0008439100138171174
2023-11-16,0.00028807990673351824,0.003194977222884088
2023-11-17,0.0030501630870014562,0.0014522201722551031
2023-11-20,0.002549857403286726,0.005135698168068581
2023-11-21,-0.0011191607207525767,-0.0010407545019528452
2023-11-22,0.0013808280631169012,0.002963693577703097
2023-11-24,0.0016525188020488635,-0.0015365227360117917
2023-11-27,0.0011341384032723667,0.0013048421520063247
2023-11-28,0.0026766001280984497,0.0022498902087739747
2023-11-29,0.0016323392210524368,0.0016401580244405078
2023-11-30,0.000308465678333647,0.0010916097466540098
2023-12-01,0.011901596182482432,0.006762447891682122
2023-12-04,-0.0038184810089011423,-0.004638707202672565
2023-12-05,-0.003234627755655084,0.002334062362126632
2023-12-06,-0.00012805351472588988,-0.0013794890605866028
2023-12-07,0.004178871753729663,0.004621233676752823
2023-12-08,-0.000772965489040045,0.0006694635291684126
2023-12-11,-0.0006254125566098612,0.0024146774785340774
2023-12-12,0.0005903587115081432,0.004171006252645215
2023-12-13,0.017050339776887746,0.01328684473736641
2023-12-14,0.009934132352205527,0.0047302288680712845
2023-12-15,-0.0045584402520775225,-0.0015118636780545591
2023-12-18,0.0014296728019147498,0.00264704546478689
2023-12-19,0.007198781430485912,0.004461023603211878
2023-12-20,-0.007310922378597651,-0.007564056406545117
2023-12-21,0.007282528491034723,0.005867244958473572
2023-12-22,0.0022456168692792655,0.0011583048039909283
2023-12-26,0.005132088879408858,0.002911193586970784
2023-12-27,0.0033822655096695797,0.0036056422619259454
2023-12-28,-0.00242505913228519,-0.0008512501512931703
2023-12-29,-0.003953353622708211,-0.002529396953361296
2024-01-02,-0.0033590351523744566,-0.005542089076430612
2024-01-03,-0.008786709319714259,-0.00420998787292004
2024-01-04,-0.0015706946897253715,-0.003683520979695487
2024-01-05,-0.0008359574117883239,-0.00039963280173804794
2024-01-08,0.00576691034126986,0.010438507427933619
2024-01-09,-0.0032911573977892905,-0.0015409440178780764
2024-01-10,0.001691492060492239,0.0033433908218241104
2024-01-11,-0.00013357934048963127,0.0018033339650391778
2024-01-12,0.0025569108601357637,0.0010728990097885749
2024-01-16,-0.00609936986941173,-0.004828671502291382
2024-01-17,-0.006187460072546891,-0.004313998819680087
2024-01-18,0.005834555021724697,0.0049092086170701155
2024-01-19,0.005453317119197054,0.007520310211280856
2024-01-22,0.004094693882439104,0.0020383502543266374
2024-01-23,-0.0002203055450129554,0.0009410392716253657
2024-01-24,-0.0032552977219013624,-0.0002739983959653136
2024-01-25,0.004248419430902484,0.005271595461973311
2024-01-26,-0.00011304688782709515,-0.0009476517789736016
2024-01-29,0.006248061612784683,0.006024422405992214
2024-01-30,-0.0008801290913282855,0.00023601581262111537
2024-01-31,-0.008031526989191629,-0.008489439561923384
2024-02-01,0.00786500329085249,0.010417687587358726
2024-02-02,-0.0025815156192038335,0.002903541068321136
2024-02-05,-0.0061795061910154825,-0.005279128895596563
2024-02-06,0.003752656225646689,0.0037117841783851357
2024-02-07,0.0006947592030484007,0.004382442324186497
2024-02-08,0.002617194662307476,-0.0005600371877696464
2024-02-09,0.0029479070996065726,0.0032376922594499202
2024-02-12,0.003321085222472764,-0.0001825016890444342
2024-02-13,-0.015026221734678824,-0.012080701711143615
2024-02-14,0.006834152844241936,0.007359661073600643
2024-02-15,0.008825717112762588,0.00527514780484184
2024-02-16,-0.0029006771330809533,-0.004395727302760721
2024-02-20,-0.001843887979392389,-0.0029759780579194928
2024-02-21,-0.0006577256910809126,-0.00040896338851381664
2024-02-22,0.00520487051843932,0.013313501558394503
2024-02-23,0.002366054345826374,0.0016177079288708374
2024-02-26,-0.0012769542399626577,-0.002975005237196293
2024-02-27,0.0018296547899372406,0.0005997405485866913
2024-02-28,-0.0009297734067850172,-0.00015327945180132474
2024-02-29,0.003347964666331471,0.0029448576894106626
2024-03-01,0.00802977682844741,0.007624625541299945
2024-03-04,0.0018718697530335504,-0.0016164019964597376
2024-03-05,-0.001191778962645662,-0.004343021615539677
2024-03-06,0.004019656022919316,0.003995148715747243
2024-03-07,0.005205914060040229,0.006840718189326855
2024-03-08,0.00030896532678004185,-0.003471216804096122
2024-03-11,-0.0011370553874809897,-0.0006743924927090639
2024-03-12,-0.0005786351710055371,0.005613545189610436
2024-03-13,0.0011060746437476787,-0.001566117273194334
2024-03-14,-0.005580069338815941,-0.0035670101820973743
2024-03-15,-0.001431231880706596,-0.004565844053788126
2024-03-18,0.0007765072836853903,0.003491813216886852
2024-03-19,0.0028110084868613328,0.004518035829714329
2024-03-20,0.008669359058320891,0.006193252996015142
2024-03-21,0.003289981981784207,0.002422949445886502
2024-03-22,-0.004040538134460259,0.00037513590492421756
2024-03-25,-0.0009837089613718986,-0.002347677851980201
2024-03-26,4.330418450892992e-05,-0.0014787030629688225
2024-03-27,0.009155050124800113,0.006798433773186785
2024-03-28,0.003622083519247754,-0.0005303909909883942
2024-04-01,-0.001274082366667706,-0.0033178523940826654
2024-04-02,-0.0020065279846191997,-0.004570692120326902
2024-04-03,0.0035161535701637714,0.00082677576543011
2024-04-04,-0.005048976607922251,-0.007072736398684443
2024-04-05,0.006048028821223461,0.004884741806450377
2024-04-08,0.0030952936437664835,-5.090152654441127e-05
2024-04-09,0.002792718789593085,0.0021076015055656594
2024-04-10,-0.012228864661514738,-0.010410631507867363
2024-04-11,0.006780774346356155,0.004590954269514613
2024-04-12,-0.00880207749822881,-0.007882371061781024
2024-04-15,-0.0010038918878683134,-0.010464729527129402
2024-04-16,-0.0019616274392876276,-0.0020673494897186506
2024-04-17,-0.0039805658497000795,-0.0020480268088544085
2024-04-18,0.0004497056419086043,-0.002429649474824269
2024-04-19,0.0009630596496381649,-0.004806032387371761
2024-04-22,-0.0019267842020286308,0.005611124533300371
2024-04-23,0.006192674618277216,0.008628539736953433
2024-04-24,-0.0012395924154667837,-0.0013946389588587182
2024-04-25,-0.0015180695583806303,-0.0036538607769986964
2024-04-26,0.004985365406678266,0.007166918391045218
2024-04-29,0.0022505613804180147,0.0032989146837365535
2024-04-30,-0.012604739447040436,-0.011423003066502568
2024-05-01,0.0022483771861840918,-0.0007276280756592923
2024-05-02,0.005352397375778528,0.007343647777425577
2024-05-03,0.004982103545363659,0.009705108249228322
2024-05-06,0.006851328261147982,0.006747031920933733
2024-05-07,6.0321003735097634e-05,0.0016249804710821714
2024-05-08,-0.0013725979479924932,-0.0008397732849759754
2024-05-09,0.007862807227952295,0.004620297739323265
2024-05-10,0.0007143174058212853,-0.00022994382695495919
2024-05-13,-0.0016668139428264173,0.0003447006734911273
2024-05-14,0.005453859672783334,0.004087883887816446
2024-05-15,0.00740743546081335,0.010094620393377607
2024-05-16,-0.0023637484169957146,-0.0018213036377346947
2024-05-17,0.003754695190358648,4.403503013494792e-05
2024-05-20,0.0008305123069460851,0.000280042193235408
2024-05-21,0.0005031134884152522,0.002473937534318793
2024-05-22,-0.006479452452350376,-0.0023119289303343837
2024-05-23,-0.009718000531880655,-0.005810258741818397
2024-05-24,0.004017726144681211,0.004752391583706883
2024-05-28,0.0011957361187633353,-0.0011927906202086058
2024-05-29,-0.0068359168584265495,-0.005824539396023898
2024-05-30,0.002339407239773994,-0.0027394456536569134
2024-05-31,0.0038652620161752083,0.006870987161405218
2024-06-03,0.0022020086554059848,0.002713575569105231
2024-06-04,-0.00441769781876955,0.002135617955434821
2024-06-05,0.007991167341388605,0.008633979708918327
2024-06-06,0.0002609583569883611,-9.344268552191615e-05
2024-06-07,-0.011774708694664682,-0.00372215367639539
2024-06-10,0.0015558451821413577,0.001554172776633722
2024-06-11,0.0005555578336604583,0.002908920585487529
2024-06-12,0.006108565096627716,0.006990219849955404
2024-06-13,-0.0030801242576341537,0.0027962880557612646
2024-06-14,-9.74993707402172e-05,0.0010574604084954142
2024-06-17,0.0023855932238807664,0.0037674621690011456
2024-06-18,0.0023937205094066716,0.002944624468979473
2024-06-20,0.0013949770350902835,-0.0024747546402162923
2024-06-21,-0.003957117011862521,-0.001311652506803429
2024-06-24,0.002054752444395236,-0.0015362273452500519
2024-06-25,-0.0016796363029670802,0.00287024191558527
2024-06-26,-0.0022316290675036266,-0.0009494524057542808
2024-06-27,0.00419044442272809,0.0016387145995975239
2024-06-28,0.0001745368823560245,-0.004154164051603515
2024-07-01,-0.0009022454969808136,-0.00038641816026208087
2024-07-02,0.0028875706952906643,0.005233287511076767
2024-07-03,0.004317016645530636,0.004942167995182212
2024-07-05,0.0037020194421728547,0.005485674420569797
2024-07-08,-0.0012718003619898166,0.0006228190746939699
2024-07-09,-0.0011521015137537782,0.0005656773965918571
2024-07-10,0.005871731755432874,0.006537996633019683
2024-07-11,0.009181752983288716,-0.003839063196710346
2024-07-12,0.0038015031505223007,0.004921439036415176
2024-07-15,0.0039014184700401078,0.0008574710073869785
2024-07-16,0.013610539605274585,0.005036671194460496
2024-07-17,-0.005165111955743762,-0.008746603919699836
2024-07-18,-0.006873798828708866,-0.005783366569882209
2024-07-19,-0.0073183552494437976,-0.005232356876960997
2024-07-22,0.005435232913784782,0.006548927124260029
2024-07-23,0.0019022172941085547,-0.0010306510280512216
2024-07-24,-0.01051744819244771,-0.015824705292351693
2024-07-25,-0.001563504357174672,-0.0024510996278445107
2024-07-26,0.009488919649987437,0.008619179609987704
2024-07-29,-0.0013436956641939002,0.0009163605173214684
2024-07-30,0.0025055076736273385,-0.002917843321099234
2024-07-31,0.00981501969423193,0.012061018023113546
2024-08-01,-0.010215116245220646,-0.007431688488187871
2024-08-02,-0.011086362230937286,-0.0075501390600759555
2024-08-05,-0.015669785165064565,-0.019319537225355843
2024-08-06,0.001769411373103713,0.003913795653749608
2024-08-07,-0.0040051257843515264,-0.0052671753044324365
2024-08-08,0.013318949143220848,0.014089857657922478
2024-08-09,0.0016848818343193628,0.004009568455533241
2024-08-12,0.0019042879152944003,0.0009682750431485587
2024-08-13,0.007454735365975518,0.011907039204968495
2024-08-14,-0.00208306198258168,0.0027162266778255617
2024-08-15,0.009172677438489707,0.009413496552774125
2024-08-16,0.0062377438086793635,0.0021244390334964613
2024-08-19,0.00396377988272878,0.00660394799532682
2024-08-20,-0.001324484991388819,-7.670360969935786e-06
2024-08-21,0.0034111949481359094,0.003019163715258788
2024-08-22,-0.0066840188023447045,-0.006635296735001295
2024-08-23,0.012561086425763035,0.008531390214162604
2024-08-26,3.011696104660011e-05,-0.0019628933909751067
2024-08-27,-0.0002744219604616793,0.0008605939231398629
2024-08-28,-0.003548237600161541,-0.003915061080401405
2024-08-29,0.002162457094526671,-0.00042770235223665853
2024-08-30,0.0010877371573070338,0.005325071819215488
2024-09-03,-0.011334199972208303,-0.011533607786895717
2024-09-04,-0.000696832146418358,1.1939829335894103e-05
2024-09-05,0.0006876266768576222,-0.0007022181615741196
2024-09-06,-0.009147483448745941,-0.010162998086667652
2024-09-09,0.003552157123642097,0.007607565940985106
2024-09-10,0.0015043157634451187,0.003831208207994985
2024-09-11,0.002436891877733993,0.0063019662602779025
2024-09-12,0.008684760086465904,0.0050942380881426885
2024-09-13,0.009411871896764623,0.004163917983248
2024-09-16,0.0018230927459415014,0.0019204108642107975
2024-09-17,0.00038188945705397437,-0.00017901278813658994
2024-09-18,-0.0027921569497783016,-0.003173568009146699
2024-09-19,0.011055232810854632,0.011171259904617425
2024-09-20,0.001219838573555787,-0.0013116803836786817
2024-09-23,0.0010582625623141162,0.0013491841145443217
2024-09-24,0.004545173320971596,0.0022786083707486693
2024-09-25,-0.004071712141475614,-0.0026298004850904277
2024-09-26,0.0037353548251899404,0.0025665529196201575
2024-09-27,-0.00033282612805363154,0.00020004958203356793
2024-09-30,-0.00035155790172414214,0.002012105360241767
2024-10-01,-0.0020231424129703024,-0.005001637295875105
2024-10-02,-0.0010688229335190647,-0.0005527047293724108
2024-10-03,-0.00290674561679638,-0.002785216247245925
2024-10-04,0.003633987967879504,0.0036162146098845938
2024-10-07,-0.004954501359002661,-0.006880926048656533
2024-10-08,-0.0007202680053536303,0.006274418242840252
2024-10-09,-0.0002978590768304423,0.0030375194080873857
2024-10-10,0.001490843067394998,-0.0011745422238693681
2024-10-11,0.004350680615303082,0.0036457786019399308
2024-10-14,0.0011221737941511378,0.0046864755483981835
2024-10-15,-0.0031659599618307777,-0.0030819747336680026
2024-10-16,0.002926932038437746,0.0030748371903739358
2024-10-17,0.00036580173293376816,-0.0018255435278285992
2024-10-18,0.004459033696934345,0.0025472351774398216
2024-10-21,-0.0035477475996137375,-0.0035973481142033137
2024-10-22,0.001603165526927075,-0.0002595524615770506
2024-10-23,-0.006428568305969051,-0.0065083794718667765
2024-10-24,0.0027170738583264242,0.002015203089315909
2024-10-25,-0.0006035380844862104,-0.0010440681565228038
2024-10-28,0.00141162292796837,0.0014106189376104084
2024-10-29,0.002299571032658543,0.0012899440818041619
2024-10-30,-1.1842913181125958e-05,-0.0022064393746006328
2024-10-31,-0.008428907257339469,-0.012014917350490428
2024-11-01,-0.0006494805949507354,0.0010833269157057845
2024-11-04,0.0007318275108263439,0.0002642272328174933
2024-11-05,0.005026516776339696,0.00824034366591242
2024-11-06,-0.00361743255118252,0.011851376206176045
2024-11-07,0.00873757950320786,0.007659114158496516
2024-11-08,-0.0027403552125970787,0.003454227827093037
2024-11-11,-0.005449463199598381,-0.00023566822132892185
2024-11-12,-0.006304962521545776,-0.004165525701191108
2024-11-13,-0.0030051367898085157,0.0001554162382881863
2024-11-14,-0.0021215458548244914,-0.004022107282827925
2024-11-15,-0.003468217944497254,-0.007824768388733028
2024-11-18,0.006251204307322622,0.0029073137296697915
2024-11-19,0.003028213873541352,0.0029253860632334483
2024-11-20,0.0007251947416690996,-0.00020072388525649298
2024-11-21,0.002608215068564901,0.002880553076379133
2024-11-22,0.0039956259940543415,0.002219811565733032
2024-11-25,-0.0032980640375805947,0.005530536886669601
2024-11-26,0.00014875676324632714,0.002755261453405433
2024-11-27,0.0011991689840811226,-0.0009089078051882638
2024-11-29,0.005410734856047927,0.004655391021306743
2024-12-02,-0.0008718714950746165,0.001957504975244051
2024-12-03,0.0011498034496508769,-0.0007476418410978791
2024-12-04,0.0027752784783199314,0.005192697337198959
2024-12-05,-0.0012307588678509562,-0.0009736002245539499
2024-12-06,0.0005410273592072468,0.002271027832682515
2024-12-09,0.0013364973708493988,-0.004352959085514585
2024-12-10,0.00021157901950719094,-0.0021668818237811083
2024-12-11,0.004196133026460824,0.003816517049039403
2024-12-12,-0.006245543526544828,-0.004697790397073187
2024-12-13,-0.003228136603809606,-0.0015682587783347746
2024-12-16,0.00033383058936431453,0.0028440107078773202
2024-12-17,-0.0020509276539160126,-0.0025409657367988503
2024-12-18,-0.015612978016292134,-0.02112132824295987
2024-12-19,-0.0009293880188959713,-0.0013018685088580506
2024-12-20,0.00527584110452417,0.008116989571082645
2024-12-23,0.0011257666751041118,0.003170778810939412
2024-12-24,0.0038009393747269193,0.006897361582986816
2024-12-26,0.001767608621655814,0.00025387141257282586
2024-12-27,-0.004527680138562085,-0.007209500045275985
2024-12-30,-0.0032586377703329727,-0.005371816986060041
2024-12-31,0.00025549129561408535,-0.003115697870789469
2025-01-02,0.0017452357674538899,-0.001373554435738722
2025-01-03,0.0017005334204158729,0.007417608800642572
2025-01-06,0.0023070931356030666,0.0032086084531104397
2025-01-07,-0.002312074646673601,-0.008274929694365829
2025-01-08,0.0013934844589664763,0.0012599755602074048
2025-01-10,-0.004616473715652769,-0.011349921607659352
2025-01-13,-0.0023012642688525764,0.0004115619223465927
2025-01-14,0.002464039945606622,0.0010517284740367838
2025-01-15,0.00883885872053547,0.014313929778017265
2025-01-16,0.001742364897788784,-0.00016615280769693985
2025-01-17,0.002163722209024055,0.006006177899105181
2025-01-21,0.007995401911964573,0.006734018766931138
2025-01-22,0.0016970785428722657,0.002722011383143208
2025-01-23,0.002160295250442701,0.002859142126389269
2025-01-24,0.00199053502292057,-0.0011396072252329859
2025-01-27,-0.004928815680477205,-0.006643791697092838
2025-01-28,0.0036038913227796066,0.004954746627659601
2025-01-29,-0.0017505573038032463,-0.002925863851252042
2025-01-30,0.006289884350231034,0.0037539900564349526
2025-01-31,-0.002083900761252533,-0.0038289053818044705
2025-02-03,-0.0015803080821322757,-0.003707118718885627
2025-02-04,0.005945701935487602,0.004621440163987245
2025-02-05,0.004177642276433913,0.00449200915346748
2025-02-06,0.000650216035668727,0.0017984169014431117
2025-02-07,-0.003224517399065041,-0.007164843066584048
2025-02-10,0.006351086572059517,0.004514966922607666
2025-02-11,-0.00034069524434687803,-7.796994325415252e-05
2025-02-12,-0.0011445644920822229,-0.003998165706192935
2025-02-13,0.007316146952953462,0.008817669408777151
2025-02-14,-0.0023132118396506085,0.0012306513127950947
2025-02-18,0.004516680228184855,0.0003724422856812293
2025-02-19,-0.00014924204555932796,0.002026370457829163
2025-02-20,0.0006281979805760063,-0.0021405503637826895
2025-02-21,-0.004019679009910737,-0.008867469051537236
2025-02-24,-0.0003176088850260772,-0.002378752809246265
2025-02-25,-0.0018208076081284164,-0.0006082292492579633
2025-02-26,0.0011751394715124874,0.0009641325358979991
2025-02-27,-0.008916203824590574,-0.010280045245054437
2025-02-28,0.002839019439500934,0.011092130944042156
2025-03-03,0.000392975236164661,-0.00960016858872792
2025-03-04,-0.0011863534274523246,-0.008415921507180624
2025-03-05,0.0057760030979874255,0.005352157008679415
2025-03-06,-0.006297374892105689,-0.011318348911440457
2025-03-07,0.002521413297738473,0.0028103002373645047
2025-03-10,-0.01010686577826958,-0.014110156931551154
2025-03-11,0.0001813448247907079,-0.006432750419572031
2025-03-12,0.0027907409178826725,0.0020541426699614007
2025-03-13,0.0004844692939114381,-0.006574338506830091
2025-03-14,0.0066383362311874805,0.011165312900731195
2025-03-17,0.005107616751705235,0.005116824558685895
2025-03-18,0.00047819690694872463,-0.005887037552235297
2025-03-19,0.004669964613212452,0.007483305778496652
2025-03-20,-0.0018458837900171554,-0.0012138825399150566
2025-03-21,-0.0027483345523912073,-0.00017927653819937994
2025-03-24,0.0018381001947413989,0.008745141852729121
2025-03-25,0.002725237453313545,0.0019250027541533044
2025-03-26,-0.0046838627176273295,-0.007909796419028003
2025-03-27,0.003214161875722432,-0.0018188058452212053
2025-03-28,-0.003004838545646371,-0.009702127725272569
2025-03-31,0.00416368954538715,0.004339200154513723
2025-04-01,0.0010573197586085659,0.003461092825267853
2025-04-02,0.0017049762679732794,0.003262270176205062
2025-04-03,-0.012580202662491713,-0.026412325331986897
2025-04-04,-0.026635576628207924,-0.03353223966261765
2025-04-07,-0.01220557803776412,-0.007587024107087892
2025-04-08,-0.0037301588689961918,-0.010876284537252645
2025-04-09,0.03657422756993234,0.053814116428319236
2025-04-10,-0.006095057222533229,-0.02342545548476327
2025-04-11,0.01199712073704906,0.009822059793251903
2025-04-14,0.0033926252641320875,0.008256745889730244
2025-04-15,0.0017372384490921267,-0.0006334060915769157
2025-04-16,0.003680622140900258,-0.01179372962816716
2025-04-17,0.0010420279238045893,-0.00011134355119812867
2025-04-21,0.0017117769778427494,-0.01618706520186608
2025-04-22,0.004665382918762395,0.015355703638295859
2025-04-23,-0.0015539047967234598,0.010245279301974497
2025-04-24,0.010551737614460821,0.014676423944827599
2025-04-25,-0.000831152300627136,0.00569871903836261
2025-04-28,0.00512671630470618,0.001365926513878124
2025-04-29,-0.00018244608654749417,0.004644350776619177
2025-04-30,-0.0013206265383682858,1.3732099834129485e-05
2025-05-01,-0.004961034715324608,0.003064017500256755
2025-05-02,0.005327181566830097,0.006538057256568752
2025-05-05,0.006618152890791151,-0.0036836250862699593
2025-05-06,0.00535771475125002,-0.004214107249235655
2025-05-07,-0.0035635190404069705,0.0034704002777687926
2025-05-08,-0.00474677411491331,0.0018232215666869056
2025-05-09,0.002769895011110801,-0.00046573774524161227
2025-05-12,-0.00038114643100206624,0.01857291217511281
2025-05-13,0.0030909368349649746,0.003830214298641277
2025-05-14,-0.005229702932002422,-0.0005931422296000521
2025-05-15,0.006789364332558057,0.005103823234447358
2025-05-16,-0.000759558725467957,0.00420604470600483
2025-05-19,0.004401100553006243,0.0005202584249694997
2025-05-20,0.0037117237647621426,-0.0028677638867040667
2025-05-21,-0.003636765789364005,-0.01264417686651298
2025-05-22,-0.001549344770989447,0.0013714944275287078
2025-05-23,0.004846727156723185,-0.0035141035762505934
2025-05-27,0.0025269802544876097,0.014320185778132766
2025-05-28,-0.003964816565108942,-0.004342460166650408
2025-05-29,0.0036034421988706544,0.0037496259474678606
2025-05-30,-0.0012543749933481285,0.00012272621064179923
2025-06-02,0.00843034444433699,0.002678363666026584
2025-06-03,-0.0020043485556463514,0.0030342112159440493
2025-06-04,0.003188594915990217,0.002020820358691555
2025-06-05,-0.0023412636676303222,-0.0036045390251034926
2025-06-06,-0.0013812345113600744,0.004141935937809427
2025-06-09,0.0017314517325337508,0.0012458606546119633
2025-06-10,0.0019644114166665894,0.0042440595437314155
2025-06-11,0.00124327615845643,-0.0004735653506439119
2025-06-12,0.0052918417905416515,0.0037547987198234267
2025-06-13,-0.0015505673957605381,-0.008207872237302238
2025-06-16,-0.0008977276245654142,0.005157805775483526
2025-06-17,-0.002666260349186822,-0.0040099191925407895
2025-06-18,-0.0009101585987950633,9.10779356271263e-05
2025-06-20,-0.001572401787370059,-0.0014248502593489087
2025-06-23,0.004384897831441803,0.007248342651012818
2025-06-24,0.0015242622226776525,0.007895057156643848
2025-06-25,0.00017173977061002432,0.00041266928370475853
2025-06-26,0.003698206443247365,0.005966705519705462
2025-06-27,-0.002670298853161057,0.002165299173155777
2025-06-30,0.004805509598780455,0.004598421288618759
2025-07-01,0.0020062984076536505,-0.0005693235684415265
2025-07-02,0.002715513522616231,0.00232337626124246
2025-07-03,0.00022991901285740468,0.004412440009772034
2025-07-07,-0.0038353664585009106,-0.006223401130577733
2025-07-08,-0.0015126708453414572,-0.0006216069422836368
2025-07-09,0.0036483702142695584,0.005189196714208144
2025-07-10,0.0012862481007143156,0.0018697718534546048
2025-07-11,7.147695521503294e-05,-0.003789726389318071
2025-07-14,-0.0001284421057453633,0.001173088624910612
2025-07-15,-0.0035012068239491656,-0.0038390044687041103
2025-07-16,0.003433113767511209,0.002773605903968246
2025-07-17,0.0014094938062880757,0.0038331428978282123
2025-07-18,0.0005021103375077995,0.00034070268489760913
2025-07-21,0.005557428733328429,0.0021993950335053025
2025-07-22,0.003025283820671243,0.0006199393513612872
2025-07-23,0.0012296961877327206,0.004511134220722912
2025-07-24,-0.002111824997893863,-3.389038491641294e-05
2025-07-25,-0.0013703888694950317,0.0034115538097629905
2025-07-28,-0.004140851084356467,-0.0007641205863948564
2025-07-29,0.001228089185260961,0.00032314443036707274
2025-07-30,-0.006200835904260349,-0.00173227779123164
2025-07-31,-0.0009058358045304082,-0.0022929010469759925
2025-08-01,0.0020751641677678734,-0.007004512636403559
2025-08-04,0.007079846517421995,0.00964899547942144
2025-08-05,-0.0004517830624587438,-0.0028311294236365026
2025-08-06,0.001938197505559014,0.004294007440125869
2025-08-07,0.0032810598417531978,-0.0005283843732402094
2025-08-08,0.001908427963160264,0.003934521929063184
2025-08-11,-0.004002967991832418,-0.0010218357426403646
2025-08-12,0.0035388109447815896,0.006703286701368105
2025-08-13,0.003310964477922562,0.0035570739646093585
2025-08-14,-0.0025738266474742977,-0.0010557447769466988
2025-08-15,-2.669312243752664e-05,-0.0018601170207385165
2025-08-18,-0.00032074516422408994,-0.0006296858091424662
2025-08-19,-0.0026852217210391327,-0.0027069605282113995
2025-08-20,0.002389037046950593,-0.001390322269459232
2025-08-21,-0.0024260466356978982,-0.0033770078591189856
2025-08-22,0.009921834634440962,0.011437313916588199
2025-08-25,-0.003475891933113595,-0.003155174548490347
2025-08-26,0.0027998983728680926,0.0029553907035313465
2025-08-27,0.0008817041904967127,0.001790213980773725
2025-08-28,0.003302559678054262,0.0026676978759099246
2025-08-29,9.22139634016439e-05,-0.004068030832259817
2025-09-02,0.002256327712637507,-0.005408054926636541
2025-09-03,0.004042705345024933,0.004420278483745488
2025-09-04,0.001698361042464347,0.006568399106114287
2025-09-05,0.004419170357633728,6.269851638962542e-05
2025-09-08,0.005561794941918885,0.0028301854484318323
2025-09-09,-0.0005399252100399821,0.0008095303060708936
2025-09-10,0.0018852363410393203,0.0024634484231895737
2025-09-11,0.003770649670079118,0.0059024708415682525
2025-09-12,-0.00043766765338915103,-0.0005850145444720178
2025-09-15,0.005052637120268821,0.00396691032084906
2025-09-16,0.0006348354503495912,-0.0007765023434410656
2025-09-17,-0.002506059753743073,-0.001372080654527319
2025-09-18,-0.0001699117747109291,0.0020003814965232625
2025-09-19,0.0025930377868428334,0.003083201130735347
2025-09-22,0.005558886316745504,0.002372519807722906
2025-09-23,0.0002923693711531783,-0.0025640746670331227
2025-09-24,-0.004217349639361934,-0.002846909558888666
2025-09-25,-0.0015417898754763737,-0.003404598705335493
2025-09-26,0.0034417198046337028,0.003699985860861954
2025-09-29,0.0058205243839446474,0.0027180164038207444
2025-09-30,0.003557908743560212,0.002174514729539112
2025-10-01,0.0027363331441878636,0.003187346559972326
2025-10-02,-0.0001778092164554934,0.0010954172537784856
2025-10-03,0.003105854931910068,-0.00039470362563165384
2025-10-06,0.005501885107228599,0.0013129791668471391
2025-10-07,-0.0003546472833274583,-0.001562332369107411
2025-10-08,0.006150153819135085,0.003665640892019928
2025-10-09,-0.006956970959671516,-0.001955496904656684
2025-10-10,-0.002523193159567838,-0.014567550849947652
2025-10-13,0.008920817312130458,0.009634841346108924
2025-10-14,0.0017102817665650694,-0.0002446396489430569
2025-10-15,0.0043668399549863235,0.002348782182615139
2025-10-16,0.004611969691357354,-0.00242635942576952
2025-10-17,-0.003365828798317372,0.0027525022117416142
2025-10-20,0.0102240834217171,0.0067893007657722215
2025-10-21,-0.013009220689569556,0.0004055939406024667
2025-10-22,-0.000907126375695344,-0.0030199701870115003
2025-10-23,0.0014323607178710063,0.002561650313357422
2025-10-24,0.0013393080812236224,0.00548513540522233
2025-10-27,-0.0029939388708668524,0.007388409619999425
2025-10-28,-0.0007465423258578019,0.0018276895171185359
2025-10-29,-0.002756152200565576,-0.0017087698253178685
2025-10-30,0.0008011624461832234,-0.007102816164751724
2025-10-31,-0.00038404943045022844,0.0016261295249480057
2025-11-03,0.0003357801881413991,0.0007227335027288895
2025-11-04,-0.005808265095347154,-0.006778792297422731
2025-11-05,0.0018153435848580202,0.0006791588412822236
2025-11-06,-0.0011758525474512282,-0.00483922807895254
2025-11-07,0.0015371415122942267,0.00041521098415353563
2025-11-10,0.00877987172874417,0.009191176787081146
2025-11-11,0.0028720637151808948,0.0025082773598867902
2025-11-12,0.0028761699646295824,0.00013735072033371765
2025-11-13,-0.005976173610366731,-0.010987276653580014
2025-11-14,-0.004331390524496936,-0.0007483108985731901
2025-11-17,-0.004377971568046202,-0.005404418007767253
2025-11-18,0.00021891783441074786,-0.00459331785885464
2025-11-19,0.0005679545208558956,0.001993505987873734
2025-11-20,-0.0028901034366606293,-0.008443028982512257
2025-11-21,0.002928570262295427,0.00687918389674147
2025-11-24,0.0069225677880488945,0.009539273785132307
2025-11-25,0.0027790779428984447,0.006470951061133601
2025-11-26,0.003982295302891847,0.0045672742378477516
2025-11-28,0.00315136568447949,0.0026816851724646984
2025-12-01,-0.001179982638218613,-0.004322120917308436
2025-12-02,-0.000725437121379624,0.0013949681927778457
2025-12-03,0.0014289210036282363,0.002692905701584536
2025-12-04,-0.0002342315045782417,-0.00024049667430248167
2025-12-05,-0.0004190431108227477,0.0006496179562871518
2025-12-08,-0.0016626716457261992,-0.002378121078598139
2025-12-09,0.0003073862705973429,-0.0007571709762602685
2025-12-10,0.003679520383213397,0.005078449977024668
2025-12-11,0.0027416644143474223,0.001481352856731677
2025-12-12,-0.002044088780557285,-0.007751386308182173
2025-12-15,0.0001850881725409259,-0.00039228076132258316
2025-12-16,-0.00022719395971448897,-0.0009322637531167244
2025-12-17,-0.0004392252616156611,-0.006713520798666384
2025-12-18,0.002136318340402399,0.005369745482604271
2025-12-19,0.0014138847225246831,0.00475819118741061
2025-12-22,0.006083660165780547,0.00368553115313186
2025-12-23,0.00393123031399667,0.002765810752354936
2025-12-24,0.0008624890248010164,0.002978323671516181
2025-12-26,0.0028000369489111776,5.725865304428979e-05
2025-12-29,-0.009837950640912307,-0.001550281636228279
2025-12-30,-0.00021165146025492465,-0.0010002285582336734
2025-12-31,-0.0037860281451648214,-0.0054539659411591
2026-01-02,0.0015397691490133258,0.0009634293962297313
2026-01-05,0.00805211166056119,0.004744476334295644
2026-01-06,0.0034932073058071555,0.003583445367119076
2026-01-07,-0.002404726463871798,-0.0015173150120406653
2026-01-08,0.00048356791704939894,-0.0007969155410108009
2026-01-09,0.0035587124818043936,0.004908480525959824
2026-01-12,0.004437978686665955,0.0006072086680084521
2026-01-13,-0.0002495963793492928,-0.0009255244986370315
2026-01-14,0.001665130377725088,-0.002140290704324088
2026-01-15,-0.0012608810063075016,0.0010149151175566917
2026-01-16,-0.001955150415427487,-0.0011410271775142977
2026-01-20,0.0030547130370865982,-0.013756167476402181
2026-01-21,0.0070513625988568585,0.008025002986985053
2026-01-22,0.005374096069379997,0.003301861766275227
2026-01-23,0.003876187531306474,0.0006744880958542421
2026-01-26,0.0049636140711522,0.003589188940975152
2026-01-27,0.006849818934922203,0.002162681618903095
2026-01-28,0.009227221493437243,-0.0002536635369393414
2026-01-29,0.0006748149604043352,-0.0012088315163159002
2026-01-30,-0.02631408393182255,-0.0021064893866961087
2026-02-02,-0.008678342729369293,0.002893858064995536
2026-02-03,0.012527651777155091,-0.005142531150434504
2026-02-04,-0.001444087561284002,-0.003251533790279759
2026-02-05,-0.0074004202107068595,-0.0057606603687198055
2026-02-06,0.011267121109511447,0.011741720875033668
2026-02-09,0.007481741586580659,0.002951675841325052
2026-02-10,-0.0021088919449201438,-0.0005294299171093586
2026-02-11,0.002334186971324481,-0.000882864928886784
2026-02-12,-0.010058451408174518,-0.007559066094033784
2026-02-13,0.006737497547740778,0.001562260904833801
2026-02-17,-0.00705805737044829,0.000997882708547726
2026-02-18,0.005849972106929835,0.0025897131461303236
2026-02-19,0.00041231472515801393,-0.0013829655728714307
2026-02-20,0.006221935216257579,0.004229017474638885
2026-02-23,0.005017472658034761,-0.005217892227971088
2026-02-24,-0.002097942935484043,0.004158681186203772
2026-02-25,0.0013684836867975392,0.00495160107355197
2026-02-26,0.0016311929824621707,-0.0028041603569746165
2026-02-27,0.002537656286658807,-0.0019640871578724406
2026-03-02,0.002054441016002162,-0.0013842331529315688
2026-03-03,-0.013540797983972452,-0.005720503427768864
2026-03-04,0.002909756285856435,0.004001287369056916
2026-03-05,-0.004727625460198781,-0.004124231031478187
2026-03-06,0.0007939550529307837,-0.008561863268765402
2026-03-09,0.0023458960764117798,0.0063255177799290685
2026-03-10,0.0010866069167749792,-0.0022763309772316775
2026-03-11,-0.0021755830411618327,-0.0024466601053517723
2026-03-12,-0.009282086713428228,-0.010651837191391067
2026-03-13,-0.0052270815844812635,-0.0037067188772121895
2026-03-16,0.0032968966283029033,0.007505910351788714
2026-03-17,0.0015537069549156346,0.002468825506087624
2026-03-18,-0.011808552640258041,-0.009875016283196092
2026-03-19,-0.00977777966942972,-0.0011550268361816274
2026-03-20,-0.013290589645714945,-0.01187407814450625
2026-03-23,-0.001635124932624854,0.007991480583099841
2026-03-24,-0.0018170519040908717,-0.0030651056292573253
2026-03-25,0.008950325546484672,0.0047862472230093545
2026-03-26,-0.01409688590481939,-0.01291348786060842
2026-03-27,0.0038155644518489407,-0.010063940012243089
2026-03-30,0.0012486443749923914,4.1931717755350206e-05
2026-03-31,0.01563744078693108,0.017650953690214743
2026-04-01,0.005848714189690574,0.004870501923400106
2026-04-02,-0.0030025251360705774,0.001565824058362919
2026-04-06,-0.0002505970434221183,0.0020287397606624236
2026-04-07,0.0028184970028104495,0.000970184412576236
2026-04-08,0.00775104296000273,0.01578028262757636
2026-04-09,0.0030128551760040256,0.0037165223923298907
2026-04-10,-0.0006010011641158775,-0.0009987292958455463
2026-04-13,0.0021090606614475593,0.006759956154694491
2026-04-14,0.008556382383863026,0.008266481739674925
2026-04-15,-0.0012049711623863812,0.004305842435694096
2026-04-16,-0.000623331801399063,0.0007482177031237214
2026-04-17,0.0070177384609426685,0.009014673866766465
2026-04-20,-0.0024012152849239854,-0.0014229336627696876
2026-04-21,-0.009067333845056758,-0.005230020447033357
2026-04-22,0.005604080115307886,0.006686614925321743
2026-04-23,-0.003174673499418912,-0.003153294048892641
2026-04-24,0.0033092299743706644,0.005528365568128635
2026-04-27,-0.0017693772928000229,0.00037882546703360553
2026-04-28,-0.005236695144313797,-0.003127776236498403
2026-04-29,-0.003888623720323392,-0.0017540452016190367
2026-04-30,0.006503960488378091,0.006523858245937708
2026-05-01,0.000987397320965977,0.002342773686650146
2026-05-04,-0.0062142188703385726,-0.003540101905027071
2026-05-05,0.003919978090597631,0.005514551535700463
2026-05-06,0.011066143708353016,0.010302497867300753
2026-05-07,-0.0013702933213616264,-0.0029295410851171155
2026-05-08,0.004275561098106895,0.006050372449293073
2026-05-11,0.00044420706531922427,0.00042598951418981734
2026-05-12,-0.002298199973756687,-0.001912116922818674
2026-05-13,0.00024600181199896376,0.0035831493110221047
2026-05-14,-0.00036269500623531403,0.004755947296072538
2026-05-15,-0.00969161035126942,-0.009687597699914896
2026-05-18,0.00024401212969960007,-0.0007452389100371937
2026-05-19,-0.006505613187820947,-0.005210837042614602
2026-05-20,0.007274775001733014,0.008527227034128115
2026-05-21,0.00047146156641098,0.0015756416682299879
2026-05-22,-0.0005068337329938721,0.002837980423617159
2026-05-26,0.003077674055105728,0.005144605701516092
2026-05-27,-0.002460278218217371,0.00031246150802455297
2026-05-28,0.004243022996611057,0.004296440501121879
2026-05-29,0.0031389118534621563,0.001629934583118553
2026-06-01,-0.0025662946645454987,0.001463083711055635
2026-06-02,0.0008040773886988095,0.0009657824074942312
2026-06-03,-0.004427622515125851,-0.005117415976790052
2026-06-04,0.002881726862393741,0.002951140616328507
2026-06-05,-0.015719904625117187,-0.01795458258865612
2026-06-08,0.0007835884950933014,0.0014376192626996964
2026-06-09,-0.0031155355763633485,-0.0009849515609460235
2026-06-10,-0.012484038974226563,-0.01007841913858043
2026-06-11,0.012210318055424496,0.012558215709945975
2026-06-12,0.0013577646124769416,0.0029379073500541697
2026-06-15,0.009544160410311253,0.011147394259853893
2026-06-16,-0.00042561903814086754,-0.0031197669220668356
2026-06-17,-0.009395810598828547,-0.008930003104027806
2026-06-18,0.0028038727123578244,0.007151280177878805
2026-06-22,-0.0031431233993749474,-0.002848028011275261
2026-06-23,-0.007189096305045495,-0.008463357358799772
2026-06-24,-0.004808290343233379,0.0011155121056838357
2026-06-25,0.0027268701885001523,0.0002773227756547314
2026-06-26,0.001595181442193505,-0.002840975160628423
2026-06-29,0.0011729308817349793,0.01010920292601658
2026-06-30,0.00047828610041289465,0.0037461166254206812
2026-07-01,-7.123826127930499e-05,-0.001771228790236501
2026-07-02,0.004696195838095107,-0.00030673340403652993
2026-07-06,0.004350951308990769,0.005416215361851773
2026-07-07,-0.005234965210500819,-0.004690873817099317
2026-07-08,-0.002778953734941192,-0.0024276967739179645
2026-07-09,0.0041976358927875435,0.005622419012608182
2026-07-10,0.00021842017304329886,0.002566766448412139
2026-07-13,-0.008358371467439452,-0.0062298110423855135
2026-07-14,0.004469428138535569,0.0033963236475773595
2026-07-15,0.0015837209857101353,0.0030650128505276264
2026-07-16,-0.005434215491869732,-0.003360981463217838
2026-07-17,0.00022606688021409305,-0.006067607801120811
2026-07-20,-0.0016895592487142785,-0.001806065288499692
2026-07-21,0.005274747329593321,0.004348392491100306
2026-07-22,0.0013592700663529467,-0.0013830845158275817
2026-07-23,-0.007863302151950413,-0.008451757223603917
2026-07-24,0.0007110519285578043,0.0007996044136620029
2026-07-27,0.0016114275000318479,0.0009360701459903975
2026-07-28,-0.0014612878657349615,0.0024497187202188186
2026-07-29,-0.002905865490706816,-0.010807315451149546
2026-07-30,0.007567642194284074,0.01054135914215637
2026-07-31,-0.001940886365128236,0.0034676876544239565
2026-08-03,0.0037740085778479315,0.009793003088575336
2026-08-04,0.006891152251722543,0.012862446500398583
2026-08-05,0.007594938550838259,-0.0011304887921119722
2026-08-06,-0.0009933770410890386,-0.0021378648338818973
2026-08-07,0.006857774159648056,0.004622624638864314
2026-08-10,0.0008256937052881774,-0.0013188605914729035
2026-08-11,-0.001415701846501194,-0.001686481083812863
2026-08-12,0.0030281792523219053,0.0019200873904299254
2026-08-13,-0.0004789984657168622,0.0052791516996797405
2026-08-14,0.00021378423595552754,-0.002046457008219038
2026-08-17,0.00019824357881348398,-0.003728611079844124
2026-08-18,-0.004807088811119242,-0.004044155288867257
2026-08-19,0.010102511608620635,0.003084294767973894
2026-08-20,-0.0017309716510824913,-0.006389446094866691
2026-08-21,0.004335455841409708,0.0018669123203103322
2026-08-24,0.0015124656639582401,-0.0009742670831419664
2026-08-25,0.0032223905778310247,0.0034989055943832614
2026-08-26,-0.003885785213416204,-0.00029642845901312054
2026-08-27,0.0017709447222662433,0.0038725133212167417
2026-08-28,-0.008871120397411891,-0.002512813365351474
2026-08-31,-0.0012873525707043365,-0.002457886271677978
2026-09-01,-0.008442120070677905,-0.005140952624472783
2026-09-02,0.00431392034764877,0.0030269534631039985
2026-09-03,0.006805726455064054,0.007081803449255242
2026-09-04,-0.002515835294204627,-0.0023167281392063588
2026-09-08,-0.004862073402612133,-0.003830055048754777
2026-09-09,-3.355940393023893e-05,-0.0036919296929727174
2026-09-10,-0.007325971658035391,-0.006165429614097051
2026-09-11,0.002237811007653745,0.005101095901833608
2026-09-14,-0.004361635815356535,-0.003198365279619697
2026-09-15,-0.0005953003076899499,-0.0029090256562175343
2026-09-16,-0.002764344491861803,-0.002893933378918856
2026-09-17,0.007704306937968086,0.008959557969750787
2026-09-18,0.00012870579604129517,-0.0007114020200494897
2026-09-21,0.0034772187261411514,0.01096165657767978
2026-09-22,0.0009753685537223777,5.0901665643809935e-05
2026-09-23,-0.008949812998667372,-0.007679799851594282
2026-09-24,-0.0027563895597565446,-0.0023951708848776176
2026-09-25,0.0032022171975407687,0.004353666440326309
