,Max-Sharpe (Version 1),Max-Sharpe (shrunk),Minimum variance,Risk parity,Equal weight,60/40 + trend filter,70/30 + trend filter,60/40 benchmark
Annual return,0.06946848108397763,0.06850659569772755,0.03774718128795085,0.043410656234359024,0.06746382195250389,0.08335162055612222,0.0965683771067174,0.10291789670792872
Volatility,0.08270025810618532,0.07161071692047578,0.055700227709612124,0.06898169006710159,0.09998988410639983,0.08434780296393249,0.09507389900339278,0.12688778417574684
Sharpe ratio,0.6117627165566601,0.6819507182704314,0.3340705346668361,0.36069100752688865,0.5031308446195238,0.7544169059755435,0.807037384998474,0.6781357056627034
Sortino ratio,0.8602209434845571,0.973488588679985,0.46542963876270715,0.4971950651395235,0.6933463338340461,1.0588883592466158,1.132816313505461,0.9521539321306262
Max drawdown,-0.19103178034214108,-0.14383293774951333,-0.14857330421224157,-0.1968164381530324,-0.20576494374640442,-0.19373171757716845,-0.20607687094765204,-0.22067086661888247
Longest time underwater (months),28.19047619047619,25.047619047619047,31.952380952380953,34.285714285714285,31.952380952380953,28.666666666666668,26.61904761904762,24.904761904761905
Avg yearly turnover,0.2675624493743893,0.20522251866488217,0.060127464790763065,0.09601186533151145,0.04308516988371789,0.9313950207951237,1.0663710868333438,0.03488030930045971
IPS drawdown limit,PASS,PASS,PASS,PASS,FAIL,PASS,FAIL,FAIL
"COVID crash (Feb 19 - Mar 23, 2020)",-0.09869282683452174,-0.08451967227395552,-0.07580752734366325,-0.09211804962185721,-0.17336244522908195,-0.06611807977717088,-0.07492367272737555,-0.218330511469077
2022 (full year),-0.14472634271209828,-0.09728586352849322,-0.10677291527875676,-0.15233591753750464,-0.1490924257969839,-0.1662233500010769,-0.17228094538882777,-0.16289065017809
Avg weight in stocks,0.2785,0.21630000000000002,0.09724285714285714,0.1855857142857143,0.3636,0.49285714285714294,0.5750000000000002,0.6
Avg weight in cash (SHV),0.1720142857142857,0.19999999999999998,0.19999999999999998,0.1507,0.0909,0.10714285714285714,0.125,0.0
Avg number of funds held,6.142857142857143,6.571428571428571,7.714285714285714,11.0,11.0,2.0,2.0,2
